CurrentBatSpecies,CurrentPlantSpecies,Interaction
Artibeus planirostris,Brosimum lactescens,Frugivory
Artibeus lituratus,Brosimum lactescens,Frugivory
Platyrrhinus lineatus,Emmotum nitens,Frugivory
Artibeus fimbriatus,Piper amalago,Frugivory
Artibeus fimbriatus,Piper crassinervium,Frugivory
Artibeus lituratus,Cecropia glaziovii,Frugivory
Artibeus lituratus,Cecropia pachystachya,Frugivory
Artibeus obscurus,Cecropia pachystachya,Frugivory
Artibeus obscurus,Piper amalago,Frugivory
Artibeus obscurus,Piper crassinervium,Frugivory
Carollia perspicillata,Piper aduncum,Frugivory
Carollia perspicillata,Piper amalago,Frugivory
Carollia perspicillata,Piper crassinervium,Frugivory
Sturnira lilium,Cecropia hololeuca,Frugivory
Sturnira lilium,Cecropia glaziovii,Frugivory
Sturnira lilium,Piper crassinervium,Frugivory
Artibeus planirostris,Ficus eximia,Frugivory
Carollia perspicillata,Piper aduncum,Frugivory
Platyrrhinus lineatus,Ficus eximia,Frugivory
Sturnira giannae,Solanum wrightii,Frugivory
Leptonycteris nivalis,Agave schottii,Nectarivory
Leptonycteris nivalis,Carnegiea gigantea,Nectarivory
Choeronycteris mexicana,Stenocereus stellatus,Nectarivory
Leptonycteris yerbabuenae,Stenocereus stellatus,Nectarivory
Leptonycteris nivalis,Stenocereus stellatus,Nectarivory
Choeronycteris mexicana,Agave macroacantha,Nectarivory
Leptonycteris yerbabuenae,Agave macroacantha,Nectarivory
Carollia benkeithi,Piper peltatum,Frugivory
Carollia perspicillata,Cecropia distachya,Frugivory
Carollia perspicillata,Cecropia ficifolia,Frugivory
Carollia perspicillata,Piper peltatum,Frugivory
Glossophaga soricina,Cecropia membranacea,Frugivory
Glossophaga soricina,Piper peltatum,Frugivory
Phyllostomus hastatus,Cecropia membranacea,Frugivory
Sturnira giannae,Solanum lanceolatum,Frugivory
Uroderma bilobatum,Clusia flavida,Frugivory
Uroderma bilobatum,Piper peltatum,Frugivory
Uroderma magnirostrum,Piper peltatum,Frugivory
Artibeus obscurus,Cecropia membranacea,Frugivory
Carollia brevicauda,Vismia macrophylla,Frugivory
Carollia perspicillata,Vismia macrophylla,Frugivory
Phyllostomus hastatus,Cecropia distachya,Frugivory
Artibeus jamaicensis,Ficus trigonata,Frugivory
Artibeus jamaicensis,Ficus insipida,Frugivory
Artibeus lituratus,Ficus insipida,Frugivory
Artibeus watsoni,Ficus insipida,Frugivory
Artibeus lituratus,Piper arboreum,Frugivory
Carollia perspicillata,Piper arboreum,Frugivory
Glossophaga soricina,Piper arboreum,Frugivory
Sturnira lilium,Piper arboreum,Frugivory
Artibeus jamaicensis,Quararibea asterolepis,Frugivory
Artibeus jamaicensis,Dipteryx oleifera,Frugivory
Artibeus jamaicensis,Ficus insipida,Frugivory
Artibeus lituratus,Dipteryx oleifera,Frugivory
Artibeus lituratus,Ficus insipida,Frugivory
Artibeus phaeotis,Spondias radlkoferi,Frugivory
Artibeus phaeotis,Cecropia insignis,Frugivory
Carollia castanea,Aechmea tillandsioides,Frugivory
Carollia castanea,Carludovica palmata,Frugivory
Carollia castanea,Dipteryx oleifera,Frugivory
Carollia castanea,Brosimum alicastrum,Frugivory
Carollia castanea,Piper aequale,Frugivory
Carollia castanea,Piper carrilloanum,Frugivory
Carollia castanea,Piper cordulatum,Frugivory
Carollia castanea,Piper marginatum,Frugivory
Carollia castanea,Piper reticulatum,Frugivory
Carollia castanea,Markea panamensis,Frugivory
Carollia castanea,Solanum hayesii,Frugivory
Carollia perspicillata,Anacardium excelsum,Frugivory
Carollia perspicillata,Quararibea asterolepis,Frugivory
Carollia perspicillata,Senna undulata,Frugivory
Carollia perspicillata,Cecropia insignis,Frugivory
Carollia perspicillata,Carludovica palmata,Frugivory
Carollia perspicillata,Dipteryx oleifera,Frugivory
Carollia perspicillata,Brosimum alicastrum,Frugivory
Carollia perspicillata,Piper aequale,Frugivory
Carollia perspicillata,Piper cordulatum,Frugivory
Carollia perspicillata,Piper marginatum,Frugivory
Carollia perspicillata,Piper reticulatum,Frugivory
Carollia perspicillata,Solanum hayesii,Frugivory
Carollia perspicillata,Markea panamensis,Frugivory
Centurio senex,Spondias radlkoferi,Frugivory
Chiroderma gorgasi,Ficus popenoei,Frugivory
Chiroderma villosum,Ficus popenoei,Frugivory
Glossophaga soricina,Cecropia insignis,Frugivory
Glossophaga soricina,Ochroma pyramidale,Nectarivory
Lampronycteris brachyotis,Ochroma pyramidale,Nectarivory
Phyllostomus discolor,Cecropia insignis,Frugivory
Phyllostomus discolor,Ochroma pyramidale,Nectarivory
Phyllostomus discolor,Pseudobombax septenatum,Nectarivory
Vampyressa thyone,Ficus yoponensis,Frugivory
Vampyrodes major,Ficus insipida,Frugivory
Platyrrhinus helleri,Ficus insipida,Frugivory
Artibeus jamaicensis,Ficus crassinervia,Frugivory
Artibeus jamaicensis,Ficus crocata,Frugivory
Artibeus jamaicensis,Brosimum alicastrum,Frugivory
Artibeus phaeotis,Ficus crassinervia,Frugivory
Artibeus phaeotis,Muntingia calabura,Frugivory
Artibeus toltecus,Piper amalago,Frugivory
Artibeus toltecus,Ficus crassinervia,Frugivory
Artibeus toltecus,Muntingia calabura,Frugivory
Artibeus toltecus,Brosimum alicastrum,Frugivory
Carollia perspicillata,Piper amalago,Frugivory
Carollia perspicillata,Ficus crassinervia,Frugivory
Carollia perspicillata,Muntingia calabura,Frugivory
Carollia perspicillata,Piper pseudofuligineum,Frugivory
Carollia perspicillata,Vismia baccifera,Frugivory
Carollia perspicillata,Cecropia peltata,Frugivory
Carollia subrufa,Piper amalago,Frugivory
Carollia subrufa,Ficus crassinervia,Frugivory
Carollia subrufa,Muntingia calabura,Frugivory
Carollia subrufa,Piper pseudofuligineum,Frugivory
Carollia subrufa,Vismia baccifera,Frugivory
Glossophaga soricina,Piper amalago,Frugivory
Glossophaga soricina,Ficus crassinervia,Frugivory
Glossophaga soricina,Muntingia calabura,Frugivory
Glossophaga soricina,Cecropia peltata,Frugivory
Sturnira parvidens,Ficus crassinervia,Frugivory
Sturnira parvidens,Muntingia calabura,Frugivory
Glossophaga soricina,Tetrastylis ovalis,Nectarivory
Rhinophylla pumilio,Tetrastylis ovalis,Nectarivory
Anoura caudifer,Bakeridesia rufinervis,Nectarivory
Anoura caudifer,Abutilon regnellii,Nectarivory
Anoura caudifer,Abutilon regnellii,Nectarivory
Artibeus lituratus,Solanum granuloso-leprosum,Frugivory
Pygoderma bilabiatum,Solanum granuloso-leprosum,Frugivory
Sturnira lilium,Solanum granuloso-leprosum,Frugivory
Artibeus planirostris,Manilkara zapota,Frugivory
Artibeus planirostris,Cecropia palmata,Frugivory
Artibeus planirostris,Ficus maxima,Frugivory
Artibeus planirostris,Ficus microcarpa,Frugivory
Artibeus planirostris,Syzygium jambos,Frugivory
Artibeus planirostris,Oenocarpus distichus,Frugivory
Artibeus planirostris,Socratea exorrhiza,Frugivory
Artibeus planirostris,Psidium guajava,Frugivory
Glossophaga soricina,Alexa grandiflora,Nectarivory
Glossophaga soricina,Crescentia amazonica,Nectarivory
Glossophaga soricina,Crescentia cujete,Nectarivory
Glossophaga soricina,Manilkara zapota,Frugivory
Glossophaga soricina,Cecropia palmata,Frugivory
Glossophaga soricina,Crateva tapia,Nectarivory
Glossophaga soricina,Elizabetha paraensis,Nectarivory
Glossophaga soricina,Hymenaea courbaril,Nectarivory
Phyllostomus discolor,Parkia gigantocarpa,Nectarivory
Phyllostomus discolor,Parkia pendula,Nectarivory
Phyllostomus hastatus,Parkia gigantocarpa,Nectarivory
Phyllostomus hastatus,Parkia pendula,Nectarivory
Uroderma bilobatum,Ficus maxima,Frugivory
Uroderma bilobatum,Ficus microcarpa,Frugivory
Artibeus jamaicensis,Stenocereus stellatus,Nectarivory
Leptonycteris yerbabuenae,Stenocereus stellatus,Nectarivory
Choeronycteris mexicana,Stenocereus stellatus,Nectarivory
Leptonycteris nivalis,Stenocereus stellatus,Nectarivory
Artibeus concolor,Cecropia obtusa,Frugivory
Artibeus planirostris,Cecropia obtusa,Frugivory
Artibeus lituratus,Cecropia obtusa,Frugivory
Sturnira giannae,Cecropia obtusa,Frugivory
Carollia perspicillata,Rollinia exsucca ,Frugivory
Carollia perspicillata,Protium araguense,Frugivory
Carollia perspicillata,Vismia guianensis,Frugivory
Carollia perspicillata,Vismia latifolia,Frugivory
Carollia perspicillata,Vismia sessilifolia,Frugivory
Carollia perspicillata,Piper aduncum,Frugivory
Carollia perspicillata,Piper hostmannianum,Frugivory
Carollia perspicillata,Solanum asperum,Frugivory
Carollia perspicillata,Solanum rugosum,Frugivory
Carollia perspicillata,Solanum subinerme,Frugivory
Carollia perspicillata,Eperua falcata,Nectarivory
Artibeus planirostris,Cecropia obtusa,Frugivory
Artibeus lituratus,Cecropia obtusa,Frugivory
Artibeus obscurus,Cecropia obtusa,Frugivory
Carollia brevicauda,Evodianthus funifer,Frugivory
Carollia perspicillata,Evodianthus funifer,Frugivory
Carollia perspicillata,Schlegelia paraensis,Frugivory
Rhinophylla pumilio,Thoracocarpus bissectus,Frugivory
Rhinophylla pumilio,Schlegelia paraensis,Frugivory
Sturnira tildae,Evodianthus funifer,Frugivory
Sturnira tildae,Thoracocarpus bissectus,Frugivory
Uroderma bilobatum,Cecropia obtusa,Frugivory
Artibeus jamaicensis,Ficus cotinifolia,Frugivory
Artibeus lituratus,Ficus cotinifolia,Frugivory
Carollia brevicauda,Calyptrogyne ghiesbreghtiana,Nectarivory
Carollia castanea,Calyptrogyne ghiesbreghtiana,Nectarivory
Carollia perspicillata,Calyptrogyne ghiesbreghtiana,Nectarivory
Artibeus phaeotis or watsoni,Calyptrogyne ghiesbreghtiana,Nectarivory
Glossophaga commissarisi,Calyptrogyne ghiesbreghtiana,Nectarivory
Vampyriscus nymphaea,Calyptrogyne ghiesbreghtiana,Nectarivory
Artibeus cinereus,Solanum asperum,Frugivory
Artibeus lituratus,Cecropia obtusa,Frugivory
Carollia perspicillata,Solanum rugosum,Frugivory
Carollia perspicillata,Solanum subinerme,Frugivory
Carollia perspicillata,Solanum asperum,Frugivory
Carollia perspicillata,Solanum leucocarpon,Frugivory
Sturnira giannae,Cecropia obtusa,Frugivory
Sturnira giannae,Solanum rugosum,Frugivory
Sturnira giannae,Solanum subinerme,Frugivory
Sturnira giannae,Solanum asperum,Frugivory
Sturnira giannae,Solanum leucocarpon,Frugivory
Ametrida centurio,Eperua falcata,Nectarivory
Anoura geoffroyi,Eperua falcata,Nectarivory
Artibeus concolor,Eperua falcata,Nectarivory
Artibeus gnomus,Cecropia obtusa,Frugivory
Artibeus planirostris,Cecropia obtusa,Frugivory
Artibeus lituratus,Cecropia obtusa,Frugivory
Artibeus obscurus,Cecropia obtusa,Frugivory
Choeroniscus minor,Eperua falcata,Nectarivory
Mesophylla macconnelli,Cecropia obtusa,Frugivory
Glyphonycteris sylvestris,Eperua falcata,Nectarivory
Lionycteris spurrelli,Eperua falcata,Nectarivory
Hsunycteris thomasi,Eperua falcata,Nectarivory
Phyllostomus discolor,Eperua falcata,Nectarivory
Phyllostomus elongatus,Eperua falcata,Nectarivory
Phyllostomus hastatus,Eperua falcata,Nectarivory
Phyllostomus latifolius,Eperua falcata,Nectarivory
Sturnira tildae,Cecropia obtusa,Frugivory
Trinycteris nicefori,Eperua falcata,Nectarivory
Artibeus toltecus,Drymonia rubra,Frugivory
Artibeus toltecus,Schultesianthus venosus,Frugivory
Artibeus toltecus,Burmeistera cyclostigmata,Frugivory
Artibeus toltecus,Piper amalago,Frugivory
Artibeus toltecus,Piper bisasperatum,Frugivory
Artibeus toltecus,Piper dotanum,Frugivory
Artibeus toltecus,Piper epigynium,Frugivory
Artibeus toltecus,Piper lanceifolium,Frugivory
Artibeus toltecus,Solanum argenteum,Frugivory
Artibeus toltecus,Solanum nudum,Frugivory
Artibeus toltecus,Solanum umbellatum,Frugivory
Artibeus toltecus,Cecropia obtusifolia,Frugivory
Artibeus toltecus,Conostegia icosandra,Frugivory
Artibeus toltecus,Eugenia acapulcensis,Frugivory
Artibeus toltecus,Ficus aurea,Frugivory
Artibeus toltecus,Ficus yoponensis,Frugivory
Artibeus toltecus,Saurauia montana,Frugivory
Sturnira ludovici,Asplundia vagans,Frugivory
Sturnira ludovici,Drymonia rubra,Frugivory
Sturnira ludovici,Burmeistera cyclostigmata,Frugivory
Sturnira ludovici,Piper aequale,Frugivory
Sturnira ludovici,Piper amalago,Frugivory
Sturnira ludovici,Piper auritum,Frugivory
Sturnira ludovici,Piper bisasperatum,Frugivory
Sturnira ludovici,Piper dotanum,Frugivory
Sturnira ludovici,Piper epigynium,Frugivory
Sturnira ludovici,Piper gibbosum,Frugivory
Sturnira ludovici,Piper glabrescens,Frugivory
Sturnira ludovici,Piper lanceifolium,Frugivory
Sturnira ludovici,Piper obliquum,Frugivory
Sturnira ludovici,Piper phytolaccifolium,Frugivory
Sturnira ludovici,Piper umbellatum,Frugivory
Sturnira ludovici,Solanum argenteum,Frugivory
Sturnira ludovici,Solanum rovirosanum,Frugivory
Sturnira ludovici,Solanum asperolanatum,Frugivory
Sturnira ludovici,Solanum nudum,Frugivory
Sturnira ludovici,Solanum umbellatum,Frugivory
Sturnira ludovici,Cecropia obtusifolia,Frugivory
Sturnira ludovici,Cecropia angustifolia,Frugivory
Sturnira ludovici,Ficus yoponensis,Frugivory
Sturnira ludovici,Saurauia montana,Frugivory
Anoura geoffroyi,Manfreda scabra,Nectarivory
Leptonycteris nivalis,Manfreda scabra,Nectarivory
Leptonycteris yerbabuenae,Manfreda scabra,Nectarivory
Choeronycteris mexicana,Pseudobombax ellipticum,Nectarivory
Glossophaga leachii,Pseudobombax ellipticum,Nectarivory
Leptonycteris yerbabuenae,Pseudobombax ellipticum,Nectarivory
Carollia brevicauda,Acnistus arborescens,Frugivory
Sturnira ludovici,Acnistus arborescens,Frugivory
Artibeus jamaicensis,Cecropia obtusifolia,Frugivory
Glossophaga soricina,Cecropia obtusifolia,Frugivory
Artibeus jamaicensis,Ficus insipida,Frugivory
Artibeus jamaicensis,Ficus hartwegii,Frugivory
Artibeus jamaicensis,Ficus insipida,Frugivory
Artibeus jamaicensis,Ficus obtusifolia,Frugivory
Artibeus jamaicensis,Cecropia obtusifolia,Frugivory
Artibeus jamaicensis,Brosimum alicastrum,Frugivory
Artibeus jamaicensis,Poulsenia armata,Frugivory
Artibeus jamaicensis,Pseudolmedia glabrata,Frugivory
Artibeus jamaicensis,Nectandra ambigens,Frugivory
Artibeus jamaicensis,Pouteria campechiana,Frugivory
Artibeus jamaicensis,Manilkara zapota,Frugivory
Artibeus jamaicensis,Pouteria reticulata ,Frugivory
Artibeus jamaicensis,Sideroxylon capiri,Frugivory
Artibeus jamaicensis,Spondias mombin,Frugivory
Artibeus jamaicensis,Cynometra retusa,Frugivory
Artibeus jamaicensis,Trema micrantha,Frugivory
Artibeus jamaicensis,Calophyllum brasiliense,Frugivory
Artibeus jamaicensis,Quararibea funebris,Frugivory
Artibeus jamaicensis,Diospyros nigra,Frugivory
Artibeus jamaicensis,Turpinia occidentalis,Frugivory
Artibeus jamaicensis,Piper amalago,Frugivory
Artibeus jamaicensis,Piper hispidum,Frugivory
Artibeus jamaicensis,Piper lapathifolium,Frugivory
Artibeus jamaicensis,Piper sanctum,Frugivory
Artibeus jamaicensis,Piper auritum,Frugivory
Sturnira aratathomasi,Solanum sycophanta,Frugivory
Artibeus lituratus,Ficus luschnathiana,Frugivory
Artibeus lituratus,Ficus enormis,Frugivory
Platyrrhinus lineatus,Ficus luschnathiana,Frugivory
Platyrrhinus lineatus,Ficus enormis,Frugivory
Sturnira lilium,Ficus luschnathiana,Frugivory
Anoura caudifer,Bauhinia ungulata,Nectarivory
Glossophaga soricina,Bauhinia ungulata,Nectarivory
Phyllostomus discolor,Bauhinia ungulata,Nectarivory
Carollia perspicillata,Piper amalago,Frugivory
Glossophaga soricina,Piper amalago,Frugivory
Artibeus jamaicensis,Piper amalago,Frugivory
Artibeus jamaicensis,Piper jacquemontianum,Frugivory
Artibeus jamaicensis,Piper pseudofuligineum,Frugivory
Artibeus lituratus,Piper pseudofuligineum,Frugivory
Carollia perspicillata,Piper amalago,Frugivory
Carollia perspicillata,Piper jacquemontianum,Frugivory
Carollia perspicillata,Piper marginatum,Frugivory
Carollia perspicillata,Piper pseudofuligineum,Frugivory
Carollia perspicillata,Piper tuberculatum,Frugivory
carollia subrufa,Piper amalago,Frugivory
carollia subrufa,Piper jacquemontianum,Frugivory
carollia subrufa,Piper marginatum,Frugivory
carollia subrufa,Piper pseudofuligineum,Frugivory
carollia subrufa,Piper tuberculatum,Frugivory
Glossophaga soricina,Piper amalago,Frugivory
Glossophaga soricina,Piper pseudofuligineum,Frugivory
Sturnira parvidens,Piper amalago,Frugivory
Sturnira parvidens,Piper jacquemontianum,Frugivory
Sturnira parvidens,Piper pseudofuligineum,Frugivory
Carollia perspicillata,Piper marginatum,Frugivory
Carollia perspicillata,Piper amalago,Frugivory
Carollia perspicillata,Piper jacquemontianum,Frugivory
Carollia perspicillata,Piper tuberculatum,Frugivory
Carollia perspicillata,Muntingia calabura,Frugivory
Carollia perspicillata,Cecropia peltata,Frugivory
Carollia perspicillata,Acacia collinsii,Frugivory
Carollia perspicillata,Karwinskia calderonii,Frugivory
Carollia perspicillata,Clidemia octona,Frugivory
Carollia perspicillata,Licania arborea,Frugivory
Carollia perspicillata,Vismia baccifera,Frugivory
Carollia perspicillata,Pachira quinata,Nectarivory
Carollia perspicillata,Ceiba pentandra,Nectarivory
Artibeus jamaicensis,Cecropia peltata,Frugivory
Artibeus lituratus,Cecropia peltata,Frugivory
Artibeus phaeotis,Cecropia peltata,Frugivory
Artibeus toltecus,Cecropia peltata,Frugivory
Carollia perspicillata,Cecropia peltata,Frugivory
Carollia subrufa,Cecropia peltata,Frugivory
Glossophaga soricina,Cecropia peltata,Frugivory
Phyllostomus discolor,Cecropia peltata,Frugivory
Sturnira parvidens,Cecropia peltata,Frugivory
Artibeus jamaicensis,Ficus cotinifolia,Frugivory
Artibeus jamaicensis,Ficus crassinervia,Frugivory
Artibeus jamaicensis,Maclura tinctoria,Frugivory
Artibeus jamaicensis,Cecropia peltata,Frugivory
Artibeus lituratus,Piper pseudofuligineum,Frugivory
Artibeus lituratus,Maclura tinctoria,Frugivory
Artibeus lituratus,Cecropia peltata,Frugivory
Artibeus phaeotis,Ficus cotinifolia,Frugivory
Artibeus phaeotis,Ficus crassinervia,Frugivory
Artibeus phaeotis,Maclura tinctoria,Frugivory
Artibeus phaeotis,Cecropia peltata,Frugivory
Carollia perspicillata,Piper amalago,Frugivory
Carollia perspicillata,Piper jacquemontianum,Frugivory
Carollia perspicillata,Piper pseudofuligineum,Frugivory
Carollia perspicillata,Maclura tinctoria,Frugivory
Carollia perspicillata,Cecropia peltata,Frugivory
Carollia perspicillata,Muntingia calabura,Frugivory
Carollia perspicillata,Solanum hazenii,Frugivory
Chiroderma villosum,Ficus cotinifolia,Frugivory
Chiroderma villosum,Ficus crassinervia,Frugivory
Glossophaga soricina,Piper amalago,Frugivory
Glossophaga soricina,Piper pseudofuligineum,Frugivory
Glossophaga soricina,Ficus cotinifolia,Frugivory
Glossophaga soricina,Ficus crassinervia,Frugivory
Glossophaga soricina,Cecropia peltata,Frugivory
Glossophaga soricina,Muntingia calabura,Frugivory
Sturnira parvidens,Piper amalago,Frugivory
Sturnira parvidens,Piper jacquemontianum,Frugivory
Sturnira parvidens,Piper pseudofuligineum,Frugivory
Sturnira parvidens,Maclura tinctoria,Frugivory
Sturnira parvidens,Cecropia peltata,Frugivory
Sturnira parvidens,Solanum hazenii,Frugivory
Artibeus phaeotis,Muntingia calabura,Frugivory
Carollia perspicillata,Muntingia calabura,Frugivory
Carollia subrufa,Muntingia calabura,Frugivory
Glossophaga soricina,Muntingia calabura,Frugivory
Leptonycteris yerbabuenae,Pachycereus pringlei,Nectarivory
Leptonycteris yerbabuenae,Carnegiea gigantea,Nectarivory
Leptonycteris yerbabuenae,Stenocereus thurberi,Nectarivory
Leptonycteris yerbabuenae,Lophocereus schottii,Nectarivory
Leptonycteris yerbabuenae,Carnegiea gigantea,Nectarivory
Leptonycteris yerbabuenae,Stenocereus thurberi,Nectarivory
Leptonycteris yerbabuenae,Lophocereus schottii,Nectarivory
Artibeus lituratus,Maclura tinctoria,Frugivory
Artibeus lituratus,Ficus enormis,Frugivory
Artibeus lituratus,Syagrus romanzoffiana,Frugivory
Artibeus lituratus,Terminalia catappa,Frugivory
Artibeus lituratus,Calophyllum brasiliense,Frugivory
Artibeus lituratus,Eriobotrya japonica,Frugivory
Artibeus lituratus,Chrysophyllum gonocarpum,Frugivory
Artibeus lituratus,Syzygium jambos,Frugivory
Artibeus lituratus,Ficus luschnathiana,Frugivory
Artibeus lituratus,Plinia cauliflora,Frugivory
Artibeus lituratus,Solanum pseudoquina,Frugivory
Artibeus lituratus,Cecropia hololeuca,Frugivory
Artibeus lituratus,Solanum granuloso-leprosum,Frugivory
Artibeus lituratus,Carica papaya,Frugivory
Artibeus lituratus,Cecropia glaziovii,Frugivory
Artibeus lituratus,Piper aduncum,Frugivory
Carollia perspicillata,Cecropia glaziovii,Frugivory
Carollia perspicillata,Piper aduncum,Frugivory
Glossophaga soricina,Cecropia glaziovii,Frugivory
Platyrrhinus recifinus,Cecropia glaziovii,Frugivory
Sturnira lilium,Piper aduncum,Frugivory
Artibeus lituratus,Sacoglottis guianensis,Frugivory
Sturnira erythromos,Piper tucumanum,Frugivory
Sturnira erythromos,Piper hieronymi,Frugivory
Sturnira erythromos,Solanum aligerum,Frugivory
Sturnira erythromos,Solanum trichoneuron,Frugivory
Sturnira erythromos,Solanum symmetricum,Frugivory
Sturnira erythromos,Solanum riparium,Frugivory
Sturnira erythromos,Solanum tenuispinum,Frugivory
Sturnira erythromos,Solanum confusum,Frugivory
Sturnira erythromos,Solanum pseudocapsicum,Frugivory
Sturnira erythromos,Eriolarynx lorentzii,Frugivory
Sturnira erythromos,Celtis iguanaea,Frugivory
Sturnira erythromos,Randia armata,Frugivory
Sturnira lilium,Piper tucumanum,Frugivory
Sturnira lilium,Solanum aligerum,Frugivory
Sturnira lilium,Solanum trichoneuron,Frugivory
Sturnira lilium,Solanum symmetricum,Frugivory
Sturnira lilium,Solanum riparium,Frugivory
Sturnira lilium,Solanum tenuispinum,Frugivory
Sturnira lilium,Celtis iguanaea,Frugivory
Artibeus jamaicensis,Anacardium excelsum,Frugivory
Artibeus jamaicensis,Spondias mombin,Frugivory
Artibeus jamaicensis,Spondias radlkoferi,Frugivory
Artibeus jamaicensis,Calophyllum longifolium,Frugivory
Artibeus jamaicensis,Dipteryx oleifera,Frugivory
Artibeus jamaicensis,Brosimum alicastrum,Frugivory
Artibeus jamaicensis,Ficus matiziana,Frugivory
Artibeus jamaicensis,Ficus citrifolia,Frugivory
Artibeus jamaicensis,Ficus costaricana,Frugivory
Artibeus jamaicensis,Ficus insipida,Frugivory
Artibeus jamaicensis,Ficus maxima,Frugivory
Artibeus jamaicensis,Ficus nymphaeifolia,Frugivory
Artibeus jamaicensis,Ficus obtusifolia,Frugivory
Artibeus jamaicensis,Ficus popenoei,Frugivory
Artibeus jamaicensis,Ficus tonduzii,Frugivory
Artibeus jamaicensis,Ficus trigonata,Frugivory
Artibeus jamaicensis,Ficus yoponensis,Frugivory
Artibeus jamaicensis,Poulsenia armata,Frugivory
Artibeus lituratus,Spondias mombin,Frugivory
Artibeus lituratus,Spondias radlkoferi,Frugivory
Artibeus lituratus,Calophyllum longifolium,Frugivory
Artibeus lituratus,Dipteryx oleifera,Frugivory
Artibeus lituratus,Ficus costaricana,Frugivory
Artibeus lituratus,Ficus citrifolia,Frugivory
Artibeus lituratus,Ficus insipida,Frugivory
Artibeus lituratus,Ficus nymphaeifolia,Frugivory
Artibeus lituratus,Ficus obtusifolia,Frugivory
Artibeus lituratus,Ficus popenoei,Frugivory
Artibeus lituratus,Ficus trigonata,Frugivory
Artibeus lituratus,Ficus yoponensis,Frugivory
Artibeus phaeotis,Anacardium excelsum,Frugivory
Artibeus phaeotis,Spondias radlkoferi,Frugivory
Artibeus phaeotis,Ficus matiziana,Frugivory
Artibeus phaeotis,Ficus costaricana,Frugivory
Artibeus phaeotis,Ficus insipida,Frugivory
Artibeus phaeotis,Ficus yoponensis,Frugivory
Artibeus phaeotis,Poulsenia armata,Frugivory
Artibeus watsoni,Anacardium excelsum,Frugivory
Artibeus watsoni,Spondias radlkoferi,Frugivory
Artibeus watsoni,Brosimum alicastrum,Frugivory
Artibeus watsoni,Ficus matiziana,Frugivory
Artibeus watsoni,Ficus citrifolia,Frugivory
Artibeus watsoni,Ficus costaricana,Frugivory
Artibeus watsoni,Ficus trigonata,Frugivory
Artibeus watsoni,Ficus yoponensis,Frugivory
Artibeus watsoni,Poulsenia armata,Frugivory
Carollia brevicauda,Spondias mombin,Frugivory
Carollia castanea,Anacardium excelsum,Frugivory
Carollia castanea,Spondias mombin,Frugivory
Carollia castanea,Clusia flavida,Frugivory
Carollia castanea,Ficus insipida,Frugivory
Carollia castanea,Passiflora punctata,Frugivory
Carollia castanea,Piper aequale,Frugivory
Carollia castanea,Piper arboreum,Frugivory
Carollia castanea,Piper carrilloanum,Frugivory
Carollia castanea,Piper cordulatum,Frugivory
Carollia castanea,Piper dilatatum,Frugivory
Carollia castanea,Piper grande,Frugivory
Carollia castanea,Piper hispidum,Frugivory
Carollia castanea,Piper marginatum,Frugivory
Carollia castanea,Piper reticulatum,Frugivory
Carollia perspicillata,Anacardium excelsum,Frugivory
Carollia perspicillata,Spondias mombin,Frugivory
Carollia perspicillata,Spondias radlkoferi,Frugivory
Carollia perspicillata,Clusia flavida,Frugivory
Carollia perspicillata,Dipteryx oleifera,Frugivory
Carollia perspicillata,Gustavia superba,Frugivory
Carollia perspicillata,Brosimum alicastrum,Frugivory
Carollia perspicillata,Ficus insipida,Frugivory
Carollia perspicillata,Ficus obtusifolia,Frugivory
Carollia perspicillata,Piper arboreum,Frugivory
Carollia perspicillata,Piper cordulatum,Frugivory
Carollia perspicillata,Piper colonense,Frugivory
Carollia perspicillata,Piper grande,Frugivory
Carollia perspicillata,Piper marginatum,Frugivory
Carollia perspicillata,Piper reticulatum,Frugivory
Centurio senex,Guettarda foliacea,Frugivory
Centurio senex,Guettarda foliacea,Frugivory
Chiroderma villosum,Ficus citrifolia,Frugivory
Chiroderma villosum,Ficus citrifolia,Frugivory
Chiroderma villosum,Ficus insipida,Frugivory
Chiroderma villosum,Ficus obtusifolia,Frugivory
Chiroderma villosum,Ficus pertusa,Frugivory
Chiroderma villosum,Ficus tonduzii,Frugivory
Chiroderma villosum,Ficus trigonata,Frugivory
Chiroderma villosum,Ficus yoponensis,Frugivory
Glossophaga soricina,Ficus colubrinae,Frugivory
Micronycteris hirsuta,Spondias mombin,Frugivory
Phyllostomus discolor,Anacardium excelsum,Frugivory
Phyllostomus discolor,Spondias mombin,Frugivory
Phyllostomus discolor,Ficus insipida,Frugivory
Phyllostomus hastatus,Ficus trigonata,Frugivory
Phyllostomus hastatus,Ficus yoponensis,Frugivory
Platyrrhinus helleri,Ficus insipida,Frugivory
Platyrrhinus helleri,Ficus obtusifolia,Frugivory
Platyrrhinus helleri,Ficus trigonata,Frugivory
Platyrrhinus helleri,Ficus yoponensis,Frugivory
Uroderma convexum,Dipteryx oleifera,Frugivory
Uroderma convexum,Ficus matiziana,Frugivory
Uroderma convexum,Ficus citrifolia,Frugivory
Uroderma convexum,Ficus costaricana,Frugivory
Uroderma convexum,Ficus citrifolia,Frugivory
Uroderma convexum,Ficus insipida,Frugivory
Uroderma convexum,Ficus maxima,Frugivory
Uroderma convexum,Ficus nymphaeifolia,Frugivory
Uroderma convexum,Ficus obtusifolia,Frugivory
Uroderma convexum,Ficus paraensis,Frugivory
Uroderma convexum,Ficus pertusa,Frugivory
Uroderma convexum,Ficus popenoei,Frugivory
Uroderma convexum,Ficus trigonata,Frugivory
Uroderma convexum,Ficus yoponensis,Frugivory
Vampyriscus nymphaea,Ficus citrifolia,Frugivory
Vampyriscus nymphaea,Ficus citrifolia,Frugivory
Vampyriscus nymphaea,Ficus insipida,Frugivory
Vampyriscus nymphaea,Ficus maxima,Frugivory
Vampyriscus nymphaea,Ficus nymphaeifolia,Frugivory
Vampyriscus nymphaea,Ficus obtusifolia,Frugivory
Vampyriscus nymphaea,Ficus popenoei,Frugivory
Vampyriscus nymphaea,Ficus trigonata,Frugivory
Vampyriscus nymphaea,Ficus yoponensis,Frugivory
Vampyressa thyone,Ficus matiziana,Frugivory
Vampyressa thyone,Ficus citrifolia,Frugivory
Vampyressa thyone,Ficus costaricana,Frugivory
Vampyressa thyone,Ficus popenoei,Frugivory
Vampyressa thyone,Ficus trigonata,Frugivory
Vampyressa thyone,Ficus yoponensis,Frugivory
Vampyrodes major,Spondias mombin,Frugivory
Vampyrodes major,Spondias radlkoferi,Frugivory
Vampyrodes major,Calophyllum longifolium,Frugivory
Vampyrodes major,Ficus insipida,Frugivory
Vampyrodes major,Ficus maxima,Frugivory
Vampyrodes major,Ficus obtusifolia,Frugivory
Vampyrodes major,Ficus pertusa,Frugivory
Vampyrodes major,Ficus trigonata,Frugivory
Vampyrodes major,Ficus yoponensis,Frugivory
Vampyrodes major,Poulsenia armata,Frugivory
Carollia perspicillata,Hymenaea stigonocarpa,Nectarivory
Glossophaga soricina,Hymenaea stigonocarpa,Nectarivory
Platyrrhinus lineatus,Hymenaea stigonocarpa,Nectarivory
Carollia perspicillata,Hymenaea stigonocarpa,Nectarivory
Glossophaga soricina,Hymenaea stigonocarpa,Nectarivory
Phyllostomus hastatus,Hymenaea stigonocarpa,Nectarivory
Platyrrhinus lineatus,Hymenaea stigonocarpa,Nectarivory
Choeronycteris mexicana,Neobuxbaumia tetetzo,Nectarivory
Leptonycteris yerbabuenae,Neobuxbaumia tetetzo,Nectarivory
Artibeus jamaicensis,Neobuxbaumia tetetzo,Frugivory
Choeronycteris mexicana,Neobuxbaumia tetetzo,Frugivory
Leptonycteris yerbabuenae,Neobuxbaumia tetetzo,Frugivory
Leptonycteris nivalis,Neobuxbaumia tetetzo,Frugivory
Artibeus gnomus,Cecropia ficifolia,Frugivory
Artibeus gnomus,Vismia macrophylla,Frugivory
Artibeus gnomus,Vismia macrophylla,Frugivory
Artibeus gnomus,Coussapoa villosa,Frugivory
Artibeus planirostris,Piper aduncum,Frugivory
Artibeus planirostris,Cecropia distachya,Frugivory
Artibeus planirostris,Cecropia ficifolia,Frugivory
Artibeus planirostris,Cecropia sciadophylla,Frugivory
Artibeus planirostris,Vismia macrophylla,Frugivory
Artibeus planirostris,Coussapoa villosa,Frugivory
Artibeus planirostris,Clusia flavida,Frugivory
Artibeus lituratus,Piper aduncum,Frugivory
Artibeus lituratus,Cecropia distachya,Frugivory
Artibeus lituratus,Cecropia ficifolia,Frugivory
Artibeus lituratus,Cecropia membranacea,Frugivory
Artibeus lituratus,Vismia macrophylla,Frugivory
Artibeus lituratus,Vismia macrophylla,Frugivory
Artibeus obscurus,Cecropia ficifolia,Frugivory
Carollia brevicauda,Piper aduncum,Frugivory
Carollia brevicauda,Piper arboreum,Frugivory
Carollia brevicauda,Piper peltatum,Frugivory
Carollia brevicauda,Cecropia distachya,Frugivory
Carollia brevicauda,Cecropia ficifolia,Frugivory
Carollia brevicauda,Cecropia membranacea,Frugivory
Carollia brevicauda,Vismia macrophylla,Frugivory
Carollia brevicauda,Vismia macrophylla,Frugivory
Carollia brevicauda,Solanum lanceolatum,Frugivory
Carollia brevicauda,Gurania acuminata,Frugivory
Carollia brevicauda,Solanum jamaicense,Frugivory
Carollia brevicauda,Thoracocarpus bissectus,Frugivory
Carollia brevicauda,Souroubea guianensis,Frugivory
Carollia brevicauda,Clusia flavida,Frugivory
Carollia brevicauda,Philodendron cuneatum,Frugivory
Carollia benkeithi,Piper aduncum,Frugivory
Carollia benkeithi,Piper arboreum,Frugivory
Carollia benkeithi,Cecropia ficifolia,Frugivory
Carollia benkeithi,Cecropia membranacea,Frugivory
Carollia benkeithi,Vismia macrophylla,Frugivory
Carollia benkeithi,Vismia macrophylla,Frugivory
Carollia benkeithi,Solanum lanceolatum,Frugivory
Carollia perspicillata,Piper aduncum,Frugivory
Carollia perspicillata,Piper arboreum,Frugivory
Carollia perspicillata,Piper peltatum,Frugivory
Carollia perspicillata,Cecropia distachya,Frugivory
Carollia perspicillata,Cecropia ficifolia,Frugivory
Carollia perspicillata,Cecropia sciadophylla,Frugivory
Carollia perspicillata,Cecropia membranacea,Frugivory
Carollia perspicillata,Vismia macrophylla,Frugivory
Carollia perspicillata,Vismia macrophylla,Frugivory
Carollia perspicillata,Solanum lanceolatum,Frugivory
Carollia perspicillata,Coussapoa villosa,Frugivory
Carollia perspicillata,Clusia flavida,Frugivory
Carollia perspicillata,Philodendron cuneatum,Frugivory
Carollia perspicillata,Phytolacca rivinoides,Frugivory
Phyllostomus hastatus,Piper aduncum,Frugivory
Phyllostomus hastatus,Cecropia distachya,Frugivory
Phyllostomus hastatus,Cecropia ficifolia,Frugivory
Phyllostomus hastatus,Cecropia sciadophylla,Frugivory
Phyllostomus hastatus,Cecropia membranacea,Frugivory
Phyllostomus hastatus,Vismia macrophylla,Frugivory
Phyllostomus hastatus,Gurania acuminata,Frugivory
Phyllostomus hastatus,Coussapoa villosa,Frugivory
Rhinophylla pumilio,Cecropia distachya,Frugivory
Rhinophylla pumilio,Cecropia ficifolia,Frugivory
Rhinophylla pumilio,Vismia macrophylla,Frugivory
Rhinophylla pumilio,Vismia macrophylla,Frugivory
Rhinophylla pumilio,Philodendron cuneatum,Frugivory
Sturnira giannae,Piper aduncum,Frugivory
Sturnira giannae,Cecropia distachya,Frugivory
Sturnira giannae,Cecropia ficifolia,Frugivory
Sturnira giannae,Solanum lanceolatum,Frugivory
Uroderma bilobatum,Piper aduncum,Frugivory
Uroderma bilobatum,Cecropia ficifolia,Frugivory
Uroderma bilobatum,Vismia macrophylla,Frugivory
Uroderma bilobatum,Solanum lanceolatum,Frugivory
Artibeus planirostris,Manilkara zapota,Frugivory
Artibeus planirostris,Pseudanamomis umbellulifera,Frugivory
Artibeus planirostris,Andira inermis,Frugivory
Artibeus planirostris,Annona muricata,Frugivory
Artibeus planirostris,Annona squamosa,Frugivory
Artibeus planirostris,Byrsonima spicata,Frugivory
Artibeus planirostris,Pouteria sapota,Frugivory
Artibeus planirostris,Carica papaya,Frugivory
Artibeus planirostris,Cecropia peltata,Frugivory
Artibeus planirostris,Cecropia peltata,Nectarivory
Artibeus planirostris,Maclura tinctoria,Frugivory
Artibeus planirostris,Chrysobalanus icaco,Frugivory
Artibeus planirostris,Chrysophyllum cainito,Frugivory
Artibeus planirostris,Coccoloba uvifera,Frugivory
Artibeus planirostris,Cordia bicolor,Frugivory
Artibeus planirostris,Cordia collococca,Frugivory
Artibeus planirostris,Diospyros discolor,Frugivory
Artibeus planirostris,Dipteryx odorata,Frugivory
Artibeus planirostris,Epiphyllum hookeri,Frugivory
Artibeus planirostris,Syzygium jambos,Frugivory
Artibeus planirostris,Syzygium malaccense,Frugivory
Artibeus planirostris,Ficus benjamina,Frugivory
Artibeus planirostris,Flacourtia indica,Frugivory
Artibeus planirostris,Hylocereus lemairei,Frugivory
Artibeus planirostris,Malpighia glabra,Frugivory
Artibeus planirostris,Mammea americana,Frugivory
Artibeus planirostris,Mangifera indica,Frugivory
Artibeus planirostris,Manilkara bidentata,Frugivory
Artibeus planirostris,Melicoccus bijugatus,Frugivory
Artibeus planirostris,Mimusops elengi,Frugivory
Artibeus planirostris,Persea americana,Frugivory
Artibeus planirostris,Pimenta racemosa,Frugivory
Artibeus planirostris,Pouteria multiflora,Frugivory
Artibeus planirostris,Psidium guajava,Frugivory
Artibeus planirostris,Putranjiva roxburghii,Frugivory
Artibeus planirostris,Sapindus saponaria,Frugivory
Artibeus planirostris,Sideroxylon foetidissimum,Frugivory
Artibeus planirostris,Spondias dulcis,Frugivory
Artibeus planirostris,Spondias mombin,Frugivory
Artibeus planirostris,Terminalia catappa,Frugivory
Artibeus planirostris,Vitis vinifera,Frugivory
Artibeus lituratus,Manilkara zapota,Frugivory
Artibeus lituratus,Pseudanamomis umbellulifera,Frugivory
Artibeus lituratus,Andira inermis,Frugivory
Artibeus lituratus,Annona muricata,Frugivory
Artibeus lituratus,Annona squamosa,Frugivory
Artibeus lituratus,Pouteria sapota,Frugivory
Artibeus lituratus,Carica papaya,Frugivory
Artibeus lituratus,Cecropia peltata,Frugivory
Artibeus lituratus,Cecropia peltata,Nectarivory
Artibeus lituratus,Cereus hexagonus,Frugivory
Artibeus lituratus,Maclura tinctoria,Frugivory
Artibeus lituratus,Chrysobalanus icaco,Frugivory
Artibeus lituratus,Chrysophyllum cainito,Frugivory
Artibeus lituratus,Coccoloba uvifera,Frugivory
Artibeus lituratus,Cordia bicolor,Frugivory
Artibeus lituratus,Cordia collococca,Frugivory
Artibeus lituratus,Diospyros discolor,Frugivory
Artibeus lituratus,Dipteryx odorata,Frugivory
Artibeus lituratus,Epiphyllum hookeri,Frugivory
Artibeus lituratus,Syzygium jambos,Frugivory
Artibeus lituratus,Syzygium malaccense,Frugivory
Artibeus lituratus,Ficus benjamina,Frugivory
Artibeus lituratus,Flacourtia indica,Frugivory
Artibeus lituratus,Hylocereus lemairei,Frugivory
Artibeus lituratus,Malpighia glabra,Frugivory
Artibeus lituratus,Mammea americana,Frugivory
Artibeus lituratus,Mangifera indica,Frugivory
Artibeus lituratus,Manilkara bidentata,Frugivory
Artibeus lituratus,Melicoccus bijugatus,Frugivory
Artibeus lituratus,Mimusops elengi,Frugivory
Artibeus lituratus,Passiflora quadrangularis,Frugivory
Artibeus lituratus,Persea americana,Frugivory
Artibeus lituratus,Pouteria multiflora,Frugivory
Artibeus lituratus,Psidium guajava,Frugivory
Artibeus lituratus,Putranjiva roxburghii,Frugivory
Artibeus lituratus,Roystonea oleracea,Frugivory
Artibeus lituratus,Sideroxylon foetidissimum,Frugivory
Artibeus lituratus,Spondias dulcis,Frugivory
Artibeus lituratus,Spondias mombin,Frugivory
Artibeus lituratus,Terminalia catappa,Frugivory
Artibeus lituratus,Vitis vinifera,Frugivory
Carollia perspicillata,Manilkara zapota,Frugivory
Carollia perspicillata,Pouteria sapota,Frugivory
Carollia perspicillata,Carica papaya,Frugivory
Carollia perspicillata,Cecropia peltata,Frugivory
Carollia perspicillata,Cecropia peltata,Nectarivory
Carollia perspicillata,Maclura tinctoria,Frugivory
Carollia perspicillata,Chrysophyllum cainito,Frugivory
Carollia perspicillata,Coccoloba uvifera,Frugivory
Carollia perspicillata,Dipteryx odorata,Frugivory
Carollia perspicillata,Syzygium jambos,Frugivory
Carollia perspicillata,Syzygium malaccense,Frugivory
Carollia perspicillata,Ficus benjamina,Frugivory
Carollia perspicillata,Mangifera indica,Frugivory
Carollia perspicillata,Manilkara bidentata,Frugivory
Carollia perspicillata,Melicoccus bijugatus,Frugivory
Carollia perspicillata,Pimenta racemosa,Frugivory
Carollia perspicillata,Pouteria multiflora,Frugivory
Carollia perspicillata,Psidium guajava,Frugivory
Carollia perspicillata,Sapindus saponaria,Frugivory
Carollia perspicillata,Spondias mombin,Frugivory
Carollia perspicillata,Terminalia catappa,Frugivory
Anoura geoffroyi,Caryocar brasiliense,Nectarivory
Carollia perspicillata,Caryocar brasiliense,Nectarivory
Glossophaga soricina,Caryocar brasiliense,Nectarivory
Phyllostomus discolor,Caryocar brasiliense,Nectarivory
Platyrrhinus lineatus,Caryocar brasiliense,Nectarivory
Anoura geoffroyi,Caryocar brasiliense,Nectarivory
Carollia perspicillata,Caryocar brasiliense,Nectarivory
Glossophaga soricina,Caryocar brasiliense,Nectarivory
Platyrrhinus lineatus,Caryocar brasiliense,Nectarivory
Artibeus concolor,Ceiba pentandra,Nectarivory
Artibeus planirostris,Ceiba pentandra,Nectarivory
Phyllostomus discolor,Ceiba pentandra,Nectarivory
Phyllostomus hastatus,Ceiba pentandra,Nectarivory
Phyllostomus discolor,Ceiba pentandra,Nectarivory
Phyllostomus hastatus,Ceiba pentandra,Nectarivory
Artibeus jamaicensis,Ficus insipida,Frugivory
Artibeus lituratus,Ficus insipida,Frugivory
Artibeus jamaicensis,Ficus insipida,Frugivory
Artibeus jamaicensis,Ficus yoponensis,Frugivory
Artibeus jamaicensis,Ficus trigonata,Frugivory
Artibeus jamaicensis,Ficus obtusifolia,Frugivory
Artibeus jamaicensis,Ficus costaricana,Frugivory
Artibeus jamaicensis,Ficus popenoei,Frugivory
Artibeus jamaicensis,Dipteryx oleifera,Frugivory
Artibeus jamaicensis,Quararibea asterolepis,Frugivory
Artibeus jamaicensis,Spondias mombin,Frugivory
Artibeus jamaicensis,Spondias radlkoferi,Frugivory
Artibeus jamaicensis,Poulsenia armata,Frugivory
Artibeus jamaicensis,Anacardium excelsum,Frugivory
Artibeus jamaicensis,Calophyllum longifolium,Frugivory
Carollia perspicillata,Piper amalago,Frugivory
Carollia perspicillata,Piper pseudofuligineum,Frugivory
Carollia perspicillata,Cecropia peltata,Frugivory
Carollia perspicillata,Maclura tinctoria,Frugivory
Carollia perspicillata,Solanum hazenii,Frugivory
Carollia perspicillata,Piper jacquemontianum,Frugivory
Carollia perspicillata,Muntingia calabura,Frugivory
Artibeus jamaicensis,Bauhinia pauletia,Nectarivory
Glossophaga soricina,Bauhinia pauletia,Nectarivory
Phyllostomus discolor,Bauhinia pauletia,Nectarivory
Sturnira parvidens,Bauhinia pauletia,Nectarivory
Artibeus jamaicensis,Inga vera,Nectarivory
Artibeus jamaicensis,Bauhinia pauletia,Nectarivory
Artibeus jamaicensis,Bauhinia ungulata,Nectarivory
Artibeus jamaicensis,Bauhinia ungulata,Nectarivory
Artibeus jamaicensis,Anacardium excelsum,Nectarivory
Artibeus jamaicensis,Bauhinia ungulata,Nectarivory
Artibeus jamaicensis,Bauhinia ungulata,Nectarivory
Artibeus jamaicensis,Pseudobombax septenatum,Nectarivory
Artibeus jamaicensis,Bauhinia ungulata,Nectarivory
Artibeus jamaicensis,Bauhinia ungulata,Nectarivory
Artibeus jamaicensis,Ochroma pyramidale,Nectarivory
Artibeus jamaicensis,Manilkara zapota,Nectarivory
Artibeus jamaicensis,Crateva tapia,Nectarivory
Artibeus jamaicensis,Muntingia calabura,Frugivory
Artibeus jamaicensis,Maclura tinctoria,Frugivory
Artibeus jamaicensis,Ficus insipida,Frugivory
Artibeus jamaicensis,Piper tuberculatum,Frugivory
Artibeus jamaicensis,Anacardium excelsum,Frugivory
Artibeus jamaicensis,Manilkara zapota,Frugivory
Artibeus jamaicensis,Spondias mombin,Frugivory
Artibeus lituratus,Bauhinia ungulata,Nectarivory
Artibeus lituratus,Mangifera indica,Nectarivory
Artibeus lituratus,Ceiba pentandra,Nectarivory
Artibeus lituratus,Ochroma pyramidale,Nectarivory
Artibeus lituratus,Manilkara zapota,Nectarivory
Artibeus lituratus,Crateva tapia,Nectarivory
Artibeus phaeotis,Inga vera,Nectarivory
Artibeus phaeotis,Bauhinia pauletia,Nectarivory
Artibeus phaeotis,Bauhinia ungulata,Nectarivory
Artibeus phaeotis,Hymenaea courbaril,Nectarivory
Artibeus phaeotis,Pachira quinata,Nectarivory
Artibeus phaeotis,Pseudobombax septenatum,Nectarivory
Artibeus phaeotis,Ceiba pentandra,Nectarivory
Artibeus phaeotis,Ochroma pyramidale,Nectarivory
Carollia perspicillata,Inga vera,Nectarivory
Carollia perspicillata,Bauhinia ungulata,Nectarivory
Carollia perspicillata,Hymenaea courbaril,Nectarivory
Carollia perspicillata,Anacardium excelsum,Nectarivory
Carollia perspicillata,Mangifera indica,Nectarivory
Carollia perspicillata,Pseudobombax septenatum,Nectarivory
Carollia perspicillata,Ceiba aesculifolia,Nectarivory
Carollia perspicillata,Ceiba pentandra,Nectarivory
Carollia perspicillata,Ochroma pyramidale,Nectarivory
Carollia perspicillata,Manilkara zapota,Nectarivory
Carollia perspicillata,Crateva tapia,Nectarivory
Carollia perspicillata,Muntingia calabura,Frugivory
Carollia perspicillata,Maclura tinctoria,Frugivory
Carollia perspicillata,Solanum hirtum,Frugivory
Carollia perspicillata,Ficus insipida,Frugivory
Carollia perspicillata,Piper tuberculatum,Frugivory
Carollia perspicillata,Piper jacquemontianum,Frugivory
Carollia perspicillata,Piper amalago,Frugivory
Carollia perspicillata,Piper glabrescens,Frugivory
Carollia perspicillata,Spondias mombin,Frugivory
Glossophaga soricina,Inga vera,Nectarivory
Glossophaga soricina,Bauhinia pauletia,Nectarivory
Glossophaga soricina,Bauhinia ungulata,Nectarivory
Glossophaga soricina,Hymenaea courbaril,Nectarivory
Glossophaga soricina,Mangifera indica,Nectarivory
Glossophaga soricina,Pachira quinata,Nectarivory
Glossophaga soricina,Pseudobombax septenatum,Nectarivory
Glossophaga soricina,Ceiba aesculifolia,Nectarivory
Glossophaga soricina,Ceiba pentandra,Nectarivory
Glossophaga soricina,Ochroma pyramidale,Nectarivory
Glossophaga soricina,Manilkara zapota,Nectarivory
Glossophaga soricina,Crateva tapia,Nectarivory
Glossophaga soricina,Muntingia calabura,Frugivory
Glossophaga soricina,Maclura tinctoria,Frugivory
Glossophaga soricina,Solanum hirtum,Frugivory
Glossophaga soricina,Ficus insipida,Frugivory
Glossophaga soricina,Piper tuberculatum,Frugivory
Phyllostomus discolor,Inga vera,Nectarivory
Phyllostomus discolor,Bauhinia ungulata,Nectarivory
Phyllostomus discolor,Hymenaea courbaril,Nectarivory
Phyllostomus discolor,Mangifera indica,Nectarivory
Phyllostomus discolor,Pachira quinata,Nectarivory
Phyllostomus discolor,Pseudobombax septenatum,Nectarivory
Phyllostomus discolor,Ceiba aesculifolia,Nectarivory
Phyllostomus discolor,Ceiba pentandra,Nectarivory
Phyllostomus discolor,Ochroma pyramidale,Nectarivory
Phyllostomus discolor,Manilkara zapota,Nectarivory
Phyllostomus discolor,Crateva tapia,Nectarivory
Sturnira parvidens,Bauhinia pauletia,Nectarivory
Sturnira parvidens,Bauhinia ungulata,Nectarivory
Sturnira parvidens,Hymenaea courbaril,Nectarivory
Sturnira parvidens,Anacardium excelsum,Nectarivory
Sturnira parvidens,Mangifera indica,Nectarivory
Sturnira parvidens,Pachira quinata,Nectarivory
Sturnira parvidens,Pseudobombax septenatum,Nectarivory
Sturnira parvidens,Ceiba aesculifolia,Nectarivory
Sturnira parvidens,Ceiba pentandra,Nectarivory
Sturnira parvidens,Ochroma pyramidale,Nectarivory
Sturnira parvidens,Manilkara zapota,Nectarivory
Sturnira parvidens,Muntingia calabura,Frugivory
Sturnira parvidens,Maclura tinctoria,Frugivory
Sturnira parvidens,Solanum hirtum,Frugivory
Sturnira parvidens,Piper tuberculatum,Frugivory
Carollia perspicillata,Bauhinia ungulata,Nectarivory
Glossophaga soricina,Bauhinia ungulata,Nectarivory
Anoura caudifer,Vriesea platynema,Nectarivory
Anoura caudifer,Syzygium jambos,Nectarivory
Glossophaga soricina,Helicteres baruensis,Nectarivory
Carollia perspicillata,Muntingia calabura,Nectarivory
Carollia perspicillata,Maclura tinctoria,Nectarivory
Carollia perspicillata,Cecropia peltata,Nectarivory
Carollia perspicillata,Ficus crassinervia,Frugivory
Carollia perspicillata,Piper amalago,Nectarivory
Artibeus toltecus,Conostegia volcanalis,Frugivory
Artibeus toltecus,Solanum aphyodendron,Frugivory
Artibeus toltecus,Solanum nigricans,Frugivory
Sturnira ludovici,Conostegia volcanalis,Frugivory
Sturnira ludovici,Solanum aphyodendron,Frugivory
Sturnira ludovici,Solanum nigricans,Frugivory
Artibeus jamaicensis,Cecropia obtusifolia,Frugivory
Sturnira parvidens,Cecropia obtusifolia,Frugivory
Artibeus jamaicensis,Ficus cotinifolia,Frugivory
Artibeus jamaicensis,Ficus insipida,Frugivory
Glossophaga soricina,Bauhinia pauletia,Nectarivory
Phyllostomus discolor,Bauhinia pauletia,Nectarivory
Glossophaga soricina,Bauhinia multinervia,Nectarivory
Phyllostomus discolor,Bauhinia multinervia,Nectarivory
Artibeus concolor,Parkia pendula,Nectarivory
Artibeus lituratus,Parkia pendula,Nectarivory
Carollia perspicillata,Parkia nitida,Nectarivory
Glossophaga soricina,Parkia nitida,Nectarivory
Phyllostomus discolor,Parkia igneiflora,Nectarivory
Phyllostomus discolor,Parkia nitida,Nectarivory
Phyllostomus discolor,Parkia pendula,Nectarivory
Phyllostomus elongatus,Parkia pendula,Nectarivory
Phyllostomus hastatus,Parkia igneiflora,Nectarivory
Phyllostomus hastatus,Parkia nitida,Nectarivory
Uroderma bilobatum,Parkia pendula,Nectarivory
Artibeus concolor,Parkia cachimboensis,Nectarivory
Carollia perspicillata,Parkia cachimboensis,Nectarivory
Phyllostomus discolor,Parkia cachimboensis,Nectarivory
Phyllostomus hastatus,Parkia cachimboensis,Nectarivory
Phyllostomus discolor,Parkia platycephala,Nectarivory
Carollia castanea,Piper auritum,Frugivory
Choeronycteris mexicana,Stenocereus queretaroensis,Nectarivory
Glossophaga soricina,Stenocereus queretaroensis,Nectarivory
Leptonycteris yerbabuenae,Stenocereus queretaroensis,Nectarivory
Anoura geoffroyi,Cobaea aschersoniana,Nectarivory
Sturnira lilium,Solanum riparium,Frugivory
Artibeus jamaicensis,Andira inermis,Frugivory
Artibeus planirostris,Psidium guajava,Frugivory
Artibeus planirostris,Manilkara zapota,Frugivory
Phyllostomus hastatus,Gurania lobata,Frugivory
Monophyllus redmani,Passiflora penduliflora,Nectarivory
Artibeus watsoni,Ficus citrifolia,Frugivory
Vampyressa thyone,Ficus citrifolia,Frugivory
Phyllostomus hastatus,Phenakospermum guyannense,Nectarivory
Glossophaga soricina,Agave desmettiana,Nectarivory
Glossophaga soricina,Crescentia cujete,Nectarivory
Glossophaga soricina,Cereus repandus,Nectarivory
Glossophaga soricina,Calliandra laxa,Nectarivory
Glossophaga soricina,Thunbergia grandiflora,Nectarivory
Carollia perspicillata,Piper aduncum,Frugivory
Carollia perspicillata,Piper amalago,Frugivory
Carollia perspicillata,Piper crassinervium,Frugivory
Carollia perspicillata,Piper gaudichaudianum,Frugivory
Glossophaga soricina,Crescentia alata,Nectarivory
Glossophaga soricina,Ceiba aesculifolia,Nectarivory
Glossophaga soricina,Ceiba aesculifolia,Nectarivory
Glossophaga soricina,Ceiba pentandra,Nectarivory
Glossophaga soricina,Pseudobombax ellipticum,Nectarivory
Glossophaga soricina,Bauhinia ungulata,Nectarivory
Leptonycteris yerbabuenae,Agave ortgiesiana,Nectarivory
Leptonycteris yerbabuenae,Crescentia alata,Nectarivory
Leptonycteris yerbabuenae,Ceiba aesculifolia,Nectarivory
Leptonycteris yerbabuenae,Ceiba aesculifolia,Nectarivory
Leptonycteris yerbabuenae,Ceiba pentandra,Nectarivory
Leptonycteris yerbabuenae,Pseudobombax ellipticum,Nectarivory
Leptonycteris yerbabuenae,Bauhinia pauletia,Nectarivory
Leptonycteris yerbabuenae,Bauhinia ungulata,Nectarivory
Leptonycteris yerbabuenae,Ipomoea ampullacea,Nectarivory
Leptonycteris yerbabuenae,Cucurbita argyrosperma,Nectarivory
Leptonycteris yerbabuenae,Hesperalbizia occidentalis,Nectarivory
Leptonycteris yerbabuenae,Zapoteca formosa,Nectarivory
Leptonycteris yerbabuenae,Inga vera,Nectarivory
Leptonycteris yerbabuenae,Brosimum alicastrum,Nectarivory
Leptonycteris yerbabuenae,Helicteres baruensis,Nectarivory
Glossophaga soricina,Ceiba pentandra,Nectarivory
Phyllostomus discolor,Ceiba pentandra,Nectarivory
Sturnira giannae,Cyathula prostrata,Frugivory
Sturnira giannae,Piper bartlingianum,Frugivory
Sturnira giannae,Solanum rudepannum,Frugivory
Sturnira tildae,Cyathula prostrata,Frugivory
Sturnira tildae,Piper bartlingianum,Frugivory
Sturnira tildae,Solanum rudepannum,Frugivory
Artibeus cinereus,Cecropia obtusa,Frugivory
Artibeus concolor,Cecropia obtusa,Frugivory
Artibeus gnomus,Cecropia obtusa,Frugivory
Artibeus planirostris,Cecropia obtusa,Frugivory
Artibeus planirostris,Cecropia palmata,Frugivory
Artibeus lituratus,Cecropia obtusa,Frugivory
Artibeus obscurus,Cecropia obtusa,Frugivory
Artibeus obscurus,Cecropia palmata,Frugivory
Carollia brevicauda,Cecropia obtusa,Frugivory
Carollia perspicillata,Cecropia obtusa,Frugivory
Carollia perspicillata,Cecropia palmata,Frugivory
Chiroderma villosum,Cecropia obtusa,Frugivory
Platyrrhinus brachycephalus,Cecropia obtusa,Frugivory
Rhinophylla pumilio,Cecropia sciadophylla,Frugivory
Sturnira giannae,Cecropia obtusa,Frugivory
Sturnira tildae,Cecropia obtusa,Frugivory
Glossophaga soricina,Pilosocereus catingicola,Nectarivory
Artibeus jamaicensis,Cecropia obtusifolia,Frugivory
Artibeus jamaicensis,Dipteryx oleifera,Frugivory
Artibeus jamaicensis,Ficus cahuitensis,Frugivory
Artibeus jamaicensis,Ficus insipida,Frugivory
Carollia brevicauda,Piper auritum,Frugivory
Carollia brevicauda,Piper multiplinervium,Frugivory
Carollia brevicauda,Piper sancti-felicis,Frugivory
Carollia castanea,Piper friedrichsthalii,Frugivory
Carollia castanea,Piper multiplinervium,Frugivory
Carollia castanea,Piper sancti-felicis,Frugivory
Carollia perspicillata,Piper auritum,Frugivory
Carollia perspicillata,Senna fruticosa,Frugivory
Carollia perspicillata,Vismia baccifera,Frugivory
Glossophaga commissarisi,Cecropia insignis,Frugivory
Glossophaga commissarisi,Piper auritum,Frugivory
Uroderma convexum,Cecropia obtusifolia,Frugivory
Uroderma convexum,Ficus cahuitensis,Frugivory
Uroderma convexum,Ficus pertusa,Frugivory
Vampyriscus nymphaea,Ficus cahuitensis,Frugivory
Vampyriscus nymphaea,Piper auritum,Frugivory
Vampyriscus nymphaea,Piper sancti-felicis,Frugivory
Artibeus jamaicensis,Piper auritum,Frugivory
Artibeus jamaicensis,Piper sancti-felicis,Frugivory
Artibeus jamaicensis,Cecropia obtusifolia,Frugivory
Artibeus jamaicensis,Clarisia biflora,Frugivory
Artibeus jamaicensis,Ficus cahuitensis,Frugivory
Artibeus jamaicensis,Ficus insipida,Frugivory
Artibeus jamaicensis,Ficus maxima,Frugivory
Artibeus jamaicensis,Ficus nymphaeifolia,Frugivory
Artibeus jamaicensis,Ficus popenoei,Frugivory
Artibeus jamaicensis,Hernandia didymantha,Frugivory
Artibeus jamaicensis,Solanum rugosum,Frugivory
Artibeus jamaicensis,Vismia baccifera,Frugivory
Artibeus lituratus,Piper auritum,Frugivory
Artibeus lituratus,Cecropia obtusifolia,Frugivory
Artibeus lituratus,Ficus cahuitensis,Frugivory
Artibeus lituratus,Ficus insipida,Frugivory
Artibeus lituratus,Ficus nymphaeifolia,Frugivory
Artibeus lituratus,Vismia baccifera,Frugivory
Carollia castanea,Piper auritum,Frugivory
Carollia castanea,Piper colonense,Frugivory
Carollia castanea,Piper friedrichsthalii,Frugivory
Carollia castanea,Piper glabratum,Frugivory
Carollia castanea,Piper multiplinervium,Frugivory
Carollia castanea,Piper reticulatum,Frugivory
Carollia castanea,Piper sancti-felicis,Frugivory
Carollia castanea,Piper trigonum,Frugivory
Carollia castanea,Piper aduncum,Frugivory
Carollia castanea,Piper augustum,Frugivory
Carollia castanea,Piper peltatum,Frugivory
Carollia castanea,Senna fruticosa,Frugivory
Carollia castanea,Solanum arboreum,Frugivory
Carollia castanea,Solanum rugosum,Frugivory
Carollia castanea,Vismia baccifera,Frugivory
Carollia perspicillata,Piper auritum,Frugivory
Carollia perspicillata,Piper colonense,Frugivory
Carollia perspicillata,Piper friedrichsthalii,Frugivory
Carollia perspicillata,Piper glabratum,Frugivory
Carollia perspicillata,Piper hispidum,Frugivory
Carollia perspicillata,Piper multiplinervium,Frugivory
Carollia perspicillata,Piper reticulatum,Frugivory
Carollia perspicillata,Piper sancti-felicis,Frugivory
Carollia perspicillata,Merinthopodium neuranthum,Frugivory
Carollia perspicillata,Piper aduncum,Frugivory
Carollia perspicillata,Piper augustum,Frugivory
Carollia perspicillata,Senna fruticosa,Frugivory
Carollia perspicillata,Solanum arboreum,Frugivory
Carollia perspicillata,Solanum rugosum,Frugivory
Carollia perspicillata,Vismia baccifera,Frugivory
Carollia sowelli,Piper auritum,Frugivory
Carollia sowelli,Piper colonense,Frugivory
Carollia sowelli,Piper friedrichsthalii,Frugivory
Carollia sowelli,Piper glabratum,Frugivory
Carollia sowelli,Piper multiplinervium,Frugivory
Carollia sowelli,Piper sancti-felicis,Frugivory
Carollia sowelli,Piper trigonum,Frugivory
Carollia sowelli,Merinthopodium neuranthum,Frugivory
Carollia sowelli,Piper aduncum,Frugivory
Carollia sowelli,Piper augustum,Frugivory
Carollia sowelli,Piper peltatum,Frugivory
Carollia sowelli,Senna fruticosa,Frugivory
Carollia sowelli,Solanum arboreum,Frugivory
Carollia sowelli,Solanum rugosum,Frugivory
Carollia sowelli,Vismia baccifera,Frugivory
Chiroderma villosum,Cecropia obtusifolia,Frugivory
Chiroderma villosum,Ficus cahuitensis,Frugivory
Chiroderma villosum,Hernandia didymantha,Frugivory
Glossophaga commissarisi,Piper auritum,Frugivory
Glossophaga commissarisi,Piper colonense,Frugivory
Glossophaga commissarisi,Piper friedrichsthalii,Frugivory
Glossophaga commissarisi,Piper glabratum,Frugivory
Glossophaga commissarisi,Piper sancti-felicis,Frugivory
Glossophaga commissarisi,Cecropia insignis,Frugivory
Glossophaga commissarisi,Cecropia obtusifolia,Frugivory
Glossophaga commissarisi,Merinthopodium neuranthum,Frugivory
Glossophaga commissarisi,Solanum rugosum,Frugivory
Glossophaga commissarisi,Vismia baccifera,Frugivory
Hylonycteris underwoodi,Merinthopodium neuranthum,Frugivory
Hylonycteris underwoodi,Vismia baccifera,Frugivory
Uroderma convexum,Piper sancti-felicis,Frugivory
Uroderma convexum,Cecropia obtusifolia,Frugivory
Uroderma convexum,Ficus cahuitensis,Frugivory
Uroderma convexum,Solanum rugosum,Frugivory
Vampyriscus nymphaea,Piper sancti-felicis,Frugivory
Vampyriscus nymphaea,Cecropia obtusifolia,Frugivory
Vampyriscus nymphaea,Ficus cahuitensis,Frugivory
Vampyriscus nymphaea,Ficus popenoei,Frugivory
Vampyriscus nymphaea,Solanum rugosum,Frugivory
Vampyressa thyone,Cecropia obtusifolia,Frugivory
Platyrrhinus helleri,Cecropia obtusifolia,Frugivory
Platyrrhinus helleri,Ficus cahuitensis,Frugivory
Platyrrhinus helleri,Ficus insipida,Frugivory
Glossophaga soricina,Adenocalymma dichilum,Nectarivory
Glossophaga soricina,Chelonanthus alatus,Nectarivory
Brachyphylla nana,Hibiscus elatus,Nectarivory
Artibeus jamaicensis,Hibiscus elatus,Nectarivory
Artibeus jamaicensis,Piper aduncum,Frugivory
Artibeus jamaicensis,Cecropia schreberiana,Frugivory
Phyllops falcatus,Piper aduncum,Frugivory
Phyllops falcatus,Muntingia calabura,Frugivory
Monophyllus redmani,Trema micrantha,Frugivory
Monophyllus redmani,Spathodea campanulata,Nectarivory
Monophyllus redmani,Hibiscus elatus,Nectarivory
Monophyllus redmani,Hibiscus rosa-sinensis,Nectarivory
Monophyllus redmani,Ochroma pyramidale,Nectarivory
Phyllonycteris poeyi,Piper aduncum,Frugivory
Phyllonycteris poeyi,Conostegia xalapensis,Frugivory
Phyllonycteris poeyi,Lantana trifolia,Frugivory
Phyllonycteris poeyi,Muntingia calabura,Frugivory
Phyllonycteris poeyi,Spathodea campanulata,Nectarivory
Phyllonycteris poeyi,Hibiscus elatus,Nectarivory
Phyllonycteris poeyi,Hibiscus rosa-sinensis,Nectarivory
Brachyphylla nana,Muntingia calabura,Frugivory
Artibeus jamaicensis,Cecropia schreberiana,Frugivory
Artibeus jamaicensis,Piper aduncum,Frugivory
Artibeus jamaicensis,Chrysophyllum oliviforme,Frugivory
Artibeus jamaicensis,Sideroxylon foetidissimum,Frugivory
Phyllops falcatus,Muntingia calabura,Frugivory
Phyllops falcatus,Piper aduncum,Frugivory
Monophyllus redmani,Trema micrantha,Frugivory
Monophyllus redmani,Hibiscus elatus,Nectarivory
Monophyllus redmani,Ochroma pyramidale,Nectarivory
Monophyllus redmani,Spathodea campanulata,Nectarivory
Monophyllus redmani,Hibiscus rosa-sinensis,Nectarivory
Brachyphylla nana,Muntingia calabura,Frugivory
Phyllonycteris poeyi,Piper aduncum,Frugivory
Phyllonycteris poeyi,Cecropia schreberiana,Frugivory
Phyllonycteris poeyi,Muntingia calabura,Frugivory
Phyllonycteris poeyi,Conostegia xalapensis,Frugivory
Phyllonycteris poeyi,Solanum umbellatum,Frugivory
Phyllonycteris poeyi,Lantana trifolia,Frugivory
Phyllonycteris poeyi,Hibiscus elatus,Nectarivory
Phyllonycteris poeyi,Spathodea campanulata,Nectarivory
Carollia perspicillata,Piper aduncum,Frugivory
Carollia perspicillata,Piper gaudichaudianum,Frugivory
Carollia perspicillata,Piper glabratum,Frugivory
Carollia perspicillata,Piper mollicomum,Frugivory
Carollia perspicillata,Solanum variabile,Frugivory
Carollia perspicillata,Solanum pseudoquina,Frugivory
Carollia perspicillata,Passiflora amethystina,Frugivory
Sturnira lilium,Piper aduncum,Frugivory
Sturnira lilium,Piper gaudichaudianum,Frugivory
Sturnira lilium,Piper glabratum,Frugivory
Sturnira lilium,Solanum variabile,Frugivory
Sturnira lilium,Solanum erianthum,Frugivory
Sturnira lilium,Solanum pseudoquina,Frugivory
Sturnira lilium,Cecropia pachystachya,Frugivory
Sturnira lilium,Passiflora amethystina,Frugivory
Carollia perspicillata,Vismia cayennensis,Frugivory
Rhinophylla pumilio,Vismia cayennensis,Frugivory
Sturnira giannae,Vismia cayennensis,Frugivory
Artibeus concolor,Vismia cayennensis,Frugivory
Leptonycteris curasoae,Stenocereus griseus,Nectarivory
Leptonycteris curasoae,Cereus repandus,Nectarivory
Leptonycteris curasoae,Cereus horrispinus,Nectarivory
Leptonycteris curasoae,Pilosocereus moritzianus,Nectarivory
Leptonycteris curasoae,Pseudobombax septenatum,Nectarivory
Leptonycteris curasoae,Ceiba pentandra,Nectarivory
Leptonycteris curasoae,Carica papaya,Nectarivory
Leptonycteris curasoae,Agave cocui,Nectarivory
Leptonycteris curasoae,Cynophalla flexuosa,Nectarivory
Leptonycteris curasoae,Stenocereus griseus,Frugivory
Leptonycteris curasoae,Cereus repandus,Frugivory
Leptonycteris curasoae,Cereus horrispinus,Frugivory
Leptonycteris curasoae,Pilosocereus moritzianus,Frugivory
Phyllostomus hastatus,Cecropia peltata,Frugivory
Phyllostomus hastatus,Hymenaea courbaril,Nectarivory
Phyllostomus hastatus,Lecythis zabucajo,Nectarivory
Carollia perspicillata,Cecropia pachystachya,Frugivory
Carollia perspicillata,Piper hispidum,Frugivory
Carollia perspicillata,Piper gaudichaudianum,Frugivory
Carollia perspicillata,Maclura tinctoria,Frugivory
Carollia perspicillata,Piper amalago,Frugivory
Carollia perspicillata,Lycianthes glandulosa,Frugivory
Carollia perspicillata,Solanum caavurana,Frugivory
Sturnira lilium,Maclura tinctoria,Frugivory
Carollia perspicillata,Piper gaudichaudianum,Frugivory
Leptonycteris yerbabuenae,Agave vivipara,Nectarivory
Leptonycteris yerbabuenae,Agave subsimplex,Nectarivory
Artibeus jamaicensis,Ficus pertusa,Frugivory
Artibeus jamaicensis,Ficus maxima,Frugivory
Artibeus jamaicensis,Ficus yoponensis,Frugivory
Artibeus jamaicensis,Ficus insipida,Frugivory
Artibeus jamaicensis,Ficus insipida,Frugivory
Anoura fistulata,Centropogon nigricans,Nectarivory
Anoura fistulata,Centropogon nigricans,Nectarivory
Anoura fistulata,Centropogon nigricans,Nectarivory
Anoura fistulata,Centropogon nigricans,Nectarivory
Anoura caudifer,Burmeistera borjensis,Nectarivory
Anoura caudifer,Burmeistera ceratocarpa,Nectarivory
Anoura caudifer,Burmeistera sodiroana,Nectarivory
Anoura caudifer,Burmeistera succulenta,Nectarivory
Anoura geoffroyi,Burmeistera borjensis,Nectarivory
Anoura geoffroyi,Burmeistera ceratocarpa,Nectarivory
Anoura geoffroyi,Burmeistera sodiroana,Nectarivory
Anoura geoffroyi,Burmeistera succulenta,Nectarivory
Anoura caudifer,Burmeistera multiflora,Nectarivory
Anoura caudifer,Burmeistera rubrosepala,Nectarivory
Anoura caudifer,Burmeistera succulenta,Nectarivory
Anoura geoffroyi,Burmeistera multiflora,Nectarivory
Anoura geoffroyi,Burmeistera rubrosepala,Nectarivory
Anoura geoffroyi,Burmeistera succulenta,Nectarivory
Anoura caudifer,Burmeistera multiflora,Nectarivory
Anoura caudifer,Burmeistera sodiroana,Nectarivory
Anoura caudifer,Burmeistera succulenta,Nectarivory
Anoura geoffroyi,Burmeistera multiflora,Nectarivory
Anoura geoffroyi,Burmeistera sodiroana,Nectarivory
Anoura geoffroyi,Burmeistera succulenta,Nectarivory
Anoura caudifer,Burmeistera cyclostigmata,Nectarivory
Anoura caudifer,Burmeistera lutosa,Nectarivory
Anoura caudifer,Burmeistera multiflora,Nectarivory
Anoura geoffroyi,Burmeistera cyclostigmata,Nectarivory
Anoura geoffroyi,Burmeistera lutosa,Nectarivory
Anoura geoffroyi,Burmeistera multiflora,Nectarivory
Anoura caudifer,Burmeistera smaragdi,Nectarivory
Anoura geoffroyi,Burmeistera smaragdi,Nectarivory
Anoura caudifer,Burmeistera cylindrocarpa,Nectarivory
Anoura caudifer,Burmeistera lutosa,Nectarivory
Anoura caudifer,Burmeistera sodiroana,Nectarivory
Anoura caudifer,Burmeistera succulenta,Nectarivory
Anoura geoffroyi,Burmeistera cylindrocarpa,Nectarivory
Anoura geoffroyi,Burmeistera lutosa,Nectarivory
Anoura geoffroyi,Burmeistera sodiroana,Nectarivory
Anoura geoffroyi,Burmeistera succulenta,Nectarivory
Anoura geoffroyi,Eriotheca squamigera,Nectarivory
Anoura geoffroyi,Pitcairnia brongniartiana,Nectarivory
Anoura geoffroyi,Burmeistera sodiroana,Nectarivory
Anoura geoffroyi,Burmeistera truncata,Nectarivory
Anoura geoffroyi,Marcgravia coriacea,Nectarivory
Anoura geoffroyi,Meriania pichinchensis,Nectarivory
Anoura caudifer,Pitcairnia brongniartiana,Nectarivory
Anoura caudifer,Burmeistera sodiroana,Nectarivory
Anoura caudifer,Burmeistera succulenta,Nectarivory
Anoura caudifer,Burmeistera truncata,Nectarivory
Anoura caudifer,Marcgravia coriacea,Nectarivory
Anoura caudifer,Meriania pichinchensis,Nectarivory
Anoura geoffroyi,Eriotheca squamigera,Nectarivory
Anoura geoffroyi,Pitcairnia brongniartiana,Nectarivory
Anoura geoffroyi,Burmeistera sodiroana,Nectarivory
Anoura geoffroyi,Burmeistera truncata,Nectarivory
Anoura geoffroyi,Marcgravia coriacea,Nectarivory
Anoura geoffroyi,Meriania pichinchensis,Nectarivory
Anoura caudifer,Pitcairnia brongniartiana,Nectarivory
Anoura caudifer,Burmeistera sodiroana,Nectarivory
Anoura caudifer,Burmeistera succulenta,Nectarivory
Anoura caudifer,Burmeistera truncata,Nectarivory
Anoura caudifer,Marcgravia coriacea,Nectarivory
Anoura caudifer,Meriania pichinchensis,Nectarivory
Sturnira lilium,Solanum sanctae-catharinae,Frugivory
Glossophaga longirostris,Stenocereus griseus,Frugivory
Glossophaga longirostris,Cereus repandus,Frugivory
Glossophaga longirostris,Stenocereus griseus,Nectarivory
Glossophaga longirostris,Pilosocereus moritzianus,Nectarivory
Leptonycteris curasoae,Stenocereus griseus,Nectarivory
Leptonycteris curasoae,Pilosocereus moritzianus,Nectarivory
Glossophaga longirostris,Cereus repandus,Nectarivory
Glossophaga longirostris,Cereus horrispinus,Nectarivory
Glossophaga longirostris,Pilosocereus lanuginosus,Nectarivory
Leptonycteris curasoae,Cereus repandus,Nectarivory
Leptonycteris curasoae,Cereus horrispinus,Nectarivory
Leptonycteris curasoae,Pilosocereus lanuginosus,Nectarivory
Brachyphylla cavernarum,Carica papaya,Frugivory
Brachyphylla cavernarum,Mangifera indica,Frugivory
Brachyphylla cavernarum,Terminalia catappa,Frugivory
Brachyphylla cavernarum,Roystonea borinquena,Frugivory
Brachyphylla cavernarum,Manilkara zapota,Frugivory
Brachyphylla cavernarum,Ceiba pentandra,Nectarivory
Brachyphylla cavernarum,Roystonea borinquena,Nectarivory
Brachyphylla cavernarum,Thespesia populnea,Nectarivory
Brachyphylla cavernarum,Hymenaea courbaril,Nectarivory
Chiroderma doriae,Ficus crocata,Frugivory
Chiroderma villosum,Ficus crocata,Frugivory
Chiroderma doriae,Ficus cyclophylla,Frugivory
Chiroderma villosum,Ficus cyclophylla,Frugivory
Artibeus lituratus,Cecropia obtusifolia,Frugivory
Carollia perspicillata,Cecropia obtusifolia,Frugivory
Sturnira parvidens,Cecropia peltata,Frugivory
Carollia perspicillata,Cecropia peltata,Frugivory
Artibeus lituratus,Cecropia peltata,Frugivory
Artibeus lituratus,Ficus insipida,Frugivory
Artibeus lituratus,Ficus yoponensis,Frugivory
Carollia perspicillata,Ficus aurea,Frugivory
Sturnira parvidens,Solanum americanum,Frugivory
Artibeus lituratus,Solanum americanum,Frugivory
Sturnira parvidens,Solanum torvum,Frugivory
Carollia perspicillata,Solanum torvum,Frugivory
Artibeus lituratus,Solanum torvum,Frugivory
Carollia perspicillata,Solanum rudepannum,Frugivory
Sturnira parvidens,Solanum ochraceo-ferrugineum,Frugivory
Artibeus lituratus,Physalis angulata,Frugivory
Sturnira parvidens,Capsicum annuum,Frugivory
Sturnira parvidens,Piper hispidum,Frugivory
Carollia perspicillata,Piper hispidum,Frugivory
Artibeus lituratus,Piper hispidum,Frugivory
Sturnira parvidens,Piper lapathifolium,Frugivory
Carollia perspicillata,Piper auritum,Frugivory
Artibeus lituratus,Piper auritum,Frugivory
Artibeus lituratus,Syzygium jambos,Frugivory
Carollia brevicauda,Piper nigrum,Frugivory
Carollia brevicauda,Solanum quitoense,Frugivory
Sturnira giannae,Piper nigrum,Frugivory
Sturnira giannae,Solanum quitoense,Frugivory
Artibeus jamaicensis,Ficus insipida,Frugivory
Artibeus jamaicensis,Piper auritum,Frugivory
Artibeus lituratus,Ficus insipida,Frugivory
Artibeus lituratus,Cecropia obtusifolia,Frugivory
Artibeus lituratus,Piper auritum,Frugivory
Platyrrhinus helleri,Cecropia obtusifolia,Frugivory
Platyrrhinus helleri,Solanum rugosum,Frugivory
Platyrrhinus helleri,Piper auritum,Frugivory
Artibeus phaeotis,Cecropia obtusifolia,Frugivory
Artibeus phaeotis,Solanum rugosum,Frugivory
Artibeus phaeotis,Piper peltatum,Frugivory
Artibeus phaeotis,Lycianthes multiflora,Frugivory
Carollia perspicillata,Solanum rugosum,Frugivory
Carollia perspicillata,Senna fruticosa,Frugivory
Carollia perspicillata,Piper friedrichsthalii,Frugivory
Carollia perspicillata,Piper trigonum,Frugivory
Carollia perspicillata,Piper sancti-felicis,Frugivory
Carollia perspicillata,Piper multiplinervium,Frugivory
Carollia brevicauda,Ficus insipida,Frugivory
Carollia brevicauda,Solanum rugosum,Frugivory
Carollia brevicauda,Senna fruticosa,Frugivory
Carollia brevicauda,Piper friedrichsthalii,Frugivory
Carollia brevicauda,Piper trigonum,Frugivory
Carollia brevicauda,Piper cenocladum,Frugivory
Carollia brevicauda,Piper sancti-felicis,Frugivory
Carollia brevicauda,Piper multiplinervium,Frugivory
Carollia castanea,Cecropia obtusifolia,Frugivory
Carollia castanea,Senna fruticosa,Frugivory
Carollia castanea,Piper friedrichsthalii,Frugivory
Carollia castanea,Piper trigonum,Frugivory
Carollia castanea,Piper cenocladum,Frugivory
Carollia castanea,Piper sancti-felicis,Frugivory
Carollia castanea,Piper multiplinervium,Frugivory
Artibeus lituratus,Musa paradisiaca,Frugivory
Artibeus lituratus,Plinia cauliflora,Frugivory
Artibeus lituratus,Prunus persica,Frugivory
Artibeus lituratus,Eugenia uniflora,Frugivory
Artibeus lituratus,Syzygium jambos,Frugivory
Artibeus lituratus,Eriobotrya japonica,Frugivory
Artibeus lituratus,Carica papaya,Frugivory
Artibeus lituratus,Cecropia hololeuca,Frugivory
Artibeus lituratus,Cecropia glaziovii,Frugivory
Artibeus lituratus,Piper divaricatum,Frugivory
Artibeus fimbriatus,Cecropia glaziovii,Frugivory
Artibeus fimbriatus,Cecropia pachystachya,Frugivory
Artibeus fimbriatus,Ficus luschnathiana,Frugivory
Artibeus fimbriatus,Vassobia breviflora,Frugivory
Artibeus lituratus,Cecropia glaziovii,Frugivory
Artibeus lituratus,Cecropia pachystachya,Frugivory
Artibeus lituratus,Ficus luschnathiana,Frugivory
Artibeus lituratus,Solanum scuticum,Frugivory
Artibeus planirostris,Cecropia glaziovii,Frugivory
Carollia perspicillata,Piper aduncum,Frugivory
Carollia perspicillata,Piper dilatatum,Frugivory
Carollia perspicillata,Rubus brasiliensis,Frugivory
Carollia perspicillata,Solanum megalochiton,Frugivory
Carollia perspicillata,Solanum paranense,Frugivory
Carollia perspicillata,Solanum variabile,Frugivory
Sturnira lilium,Philodendron appendiculatum,Frugivory
Sturnira lilium,Cecropia glaziovii,Frugivory
Sturnira lilium,Rubus brasiliensis,Frugivory
Sturnira lilium,Solanum cinnamomeum,Frugivory
Sturnira lilium,Solanum paranense,Frugivory
Sturnira lilium,Solanum rufescens,Frugivory
Sturnira lilium,Solanum sanctae-catharinae,Frugivory
Sturnira lilium,Solanum scuticum,Frugivory
Sturnira lilium,Solanum subsylvestre,Frugivory
Sturnira lilium,Solanum swartzianum,Frugivory
Sturnira lilium,Solanum variabile,Frugivory
Sturnira lilium,Vassobia breviflora,Frugivory
Sturnira tildae,Solanum paranense,Frugivory
Sturnira tildae,Solanum scuticum,Frugivory
Glossophaga soricina,Cecropia pachystachya,Frugivory
Carollia perspicillata,Cecropia pachystachya,Frugivory
Sturnira lilium,Cecropia pachystachya,Frugivory
Platyrrhinus lineatus,Cecropia pachystachya,Frugivory
Carollia perspicillata,Piper amalago,Frugivory
Sturnira lilium,Piper amalago,Frugivory
Carollia perspicillata,Piper arboreum,Frugivory
Sturnira lilium,Piper arboreum,Frugivory
Platyrrhinus lineatus,Piper arboreum,Frugivory
Carollia perspicillata,Piper glabratum,Frugivory
Sturnira lilium,Piper glabratum,Frugivory
Sturnira lilium,Copaifera langsdorffii,Frugivory
Glossophaga soricina,Miconia albicans,Frugivory
Sturnira lilium,Solanum paniculatum,Frugivory
Carollia perspicillata,Solanum pseudoquina,Frugivory
Sturnira lilium,Solanum pseudoquina,Frugivory
Glossophaga soricina,Caryocar brasiliense,Nectarivory
Carollia perspicillata,Caryocar brasiliense,Nectarivory
Glossophaga soricina,Bauhinia rufa,Nectarivory
Anoura caudifer,Bauhinia rufa,Nectarivory
Glossophaga soricina,Luehea paniculata,Nectarivory
Anoura geoffroyi,Luehea paniculata,Nectarivory
Anoura caudifer,Luehea paniculata,Nectarivory
Glossophaga longirostris,Stenocereus griseus,Frugivory
Glossophaga longirostris,Pilosocereus lanuginosus,Frugivory
Glossophaga longirostris,Cereus repandus,Frugivory
Glossophaga longirostris,Maclura tinctoria,Frugivory
Glossophaga longirostris,Manilkara zapota,Frugivory
Glossophaga longirostris,Syzygium cumini,Frugivory
Leptonycteris curasoae,Stenocereus griseus,Frugivory
Leptonycteris curasoae,Pilosocereus lanuginosus,Frugivory
Leptonycteris curasoae,Cereus repandus,Frugivory
Leptonycteris curasoae,Manilkara zapota,Frugivory
Leptonycteris curasoae,Syzygium cumini,Frugivory
Leptonycteris curasoae,Stenocereus griseus,Nectarivory
Leptonycteris curasoae,Cereus repandus,Nectarivory
Glossophaga longirostris,Stenocereus griseus,Nectarivory
Glossophaga longirostris,Cereus repandus,Nectarivory
Glossophaga soricina,Ceiba aesculifolia,Nectarivory
Leptonycteris yerbabuenae,Ceiba aesculifolia,Nectarivory
Glossophaga soricina,Ceiba aesculifolia,Nectarivory
Leptonycteris yerbabuenae,Ceiba aesculifolia,Nectarivory
Musonycteris harrisoni,Ceiba aesculifolia,Nectarivory
Glossophaga soricina,Ceiba pentandra,Nectarivory
Leptonycteris yerbabuenae,Ceiba pentandra,Nectarivory
Phyllostomus discolor,Bauhinia ungulata,Nectarivory
Glossophaga soricina,Bauhinia ungulata,Nectarivory
Carollia perspicillata,Couma utilis,Frugivory
Carollia perspicillata,Vismia cayennensis,Frugivory
Carollia perspicillata,Vismia macrophylla,Frugivory
Carollia perspicillata,Vismia glabra,Frugivory
Carollia perspicillata,Vismia guianensis,Frugivory
Carollia perspicillata,Sacoglottis guianensis,Frugivory
Carollia perspicillata,Cecropia concolor,Frugivory
Carollia perspicillata,Cecropia palmata,Frugivory
Carollia perspicillata,Ficus maxima,Frugivory
Carollia perspicillata,Syzygium cumini,Frugivory
Carollia perspicillata,Myrcia paivae,Frugivory
Carollia perspicillata,Psidium guineense,Frugivory
Carollia perspicillata,Piper aduncum,Frugivory
Carollia perspicillata,Piper arboreum,Frugivory
Carollia perspicillata,Piper cyrtopodon,Frugivory
Carollia perspicillata,Piper hostmannianum,Frugivory
Carollia perspicillata,Piper tuberculatum,Frugivory
Carollia perspicillata,Solanum grandiflorum,Frugivory
Carollia perspicillata,Solanum subinerme,Frugivory
Carollia perspicillata,Solanum paniculatum,Frugivory
Carollia perspicillata,Solanum rugosum,Frugivory
Carollia perspicillata,Solanum salviaefolium,Frugivory
Rhinophylla pumilio,Vismia macrophylla,Frugivory
Rhinophylla pumilio,Vismia guianensis,Frugivory
Rhinophylla pumilio,Syzygium cumini,Frugivory
Rhinophylla pumilio,Piper aduncum,Frugivory
Rhinophylla pumilio,Solanum rugosum,Frugivory
Sturnira giannae,Couma utilis,Frugivory
Sturnira giannae,Carica papaya,Frugivory
Sturnira giannae,Vismia macrophylla,Frugivory
Sturnira giannae,Vismia guianensis,Frugivory
Sturnira giannae,Poraqueiba sericea,Frugivory
Sturnira giannae,Piper aduncum,Frugivory
Sturnira giannae,Piper hostmannianum,Frugivory
Sturnira giannae,Solanum caavurana,Frugivory
Sturnira giannae,Solanum grandiflorum,Frugivory
Sturnira giannae,Solanum paniculatum,Frugivory
Sturnira giannae,Solanum rugosum,Frugivory
Uroderma bilobatum,Cecropia palmata,Frugivory
Uroderma bilobatum,Solanum grandiflorum,Frugivory
Uroderma magnirostrum,Cecropia palmata,Frugivory
Mesophylla macconnelli,Ficus clusiifolia,Frugivory
Artibeus cinereus,Vismia cayennensis,Frugivory
Artibeus concolor,Vismia guianensis,Frugivory
Artibeus planirostris,Carica papaya,Frugivory
Artibeus planirostris,Terminalia catappa,Frugivory
Artibeus planirostris,Vismia guianensis,Frugivory
Artibeus planirostris,Poraqueiba sericea,Frugivory
Artibeus planirostris,Cecropia concolor,Frugivory
Artibeus planirostris,Cecropia palmata,Frugivory
Artibeus planirostris,Ficus maxima,Frugivory
Artibeus planirostris,Ficus citrifolia,Frugivory
Artibeus planirostris,Syzygium cumini,Frugivory
Artibeus planirostris,Piper aduncum,Frugivory
Artibeus lituratus,Vismia guianensis,Frugivory
Artibeus lituratus,Sacoglottis guianensis,Frugivory
Artibeus lituratus,Cecropia concolor,Frugivory
Artibeus lituratus,Cecropia palmata,Frugivory
Artibeus lituratus,Ficus maxima,Frugivory
Artibeus lituratus,Ficus insipida,Frugivory
Artibeus lituratus,Psidium guajava,Frugivory
Artibeus lituratus,Psidium guineense,Frugivory
Artibeus lituratus,Solanum rugosum,Frugivory
Ametrida centurio,Piper aduncum,Frugivory
Phyllostomus discolor,Vismia guianensis,Frugivory
Phyllostomus discolor,Manilkara zapota,Frugivory
Phyllostomus discolor,Solanum caavurana,Frugivory
Phyllostomus discolor,Solanum salviaefolium,Frugivory
Phyllostomus hastatus,Cecropia concolor,Frugivory
Phyllostomus hastatus,Cecropia distachya,Frugivory
Phyllostomus elongatus,Rollinia mucosa,Frugivory
Glossophaga longirostris,Helicteres baruensis,Nectarivory
Glossophaga longirostris,Stenocereus griseus,Frugivory
Glossophaga longirostris,Muntingia calabura,Frugivory
Carollia perspicillata,Stenocereus griseus,Frugivory
Sturnira parvidens,Stenocereus griseus,Frugivory
Glossophaga longirostris,Stenocereus griseus,Frugivory
Carollia perspicillata,Stenocereus griseus,Nectarivory
Sturnira parvidens,Stenocereus griseus,Nectarivory
Glossophaga longirostris,Stenocereus griseus,Nectarivory
Glossophaga longirostris,Cereus hexagonus,Nectarivory
Glossophaga longirostris,Praecereus euchlorus smithianus,Nectarivory
Platalina genovensium,Weberbauerocereus weberbaueri,Nectarivory
Anoura caudifer,Sinningia brasiliensis,Nectarivory
Anoura caudifer,Paliavana prasinata,Nectarivory
Glossophaga soricina,Paliavana prasinata,Nectarivory
Anoura caudifer,Sinningia brasiliensis,Nectarivory
Anoura caudifer,Paliavana prasinata,Nectarivory
Glossophaga soricina,Paliavana prasinata,Nectarivory
Carollia perspicillata,Passiflora mucronata,Nectarivory
Glossophaga soricina,Passiflora mucronata,Nectarivory
Carollia perspicillata,Musa acuminata,Nectarivory
Glossophaga soricina,Musa acuminata,Nectarivory
Anoura caudifer,Bauhinia rufa,Nectarivory
Anoura geoffroyi,Bauhinia rufa,Nectarivory
Platyrrhinus lineatus,Musa acuminata,Nectarivory
Platyrrhinus lineatus,Lafoensia pacari,Nectarivory
Artibeus planirostris,Lafoensia pacari,Nectarivory
Anoura geoffroyi,Lafoensia pacari,Nectarivory
Phyllostomus discolor,Lafoensia glyptocarpa,Nectarivory
Phyllostomus discolor,Bauhinia rufa,Nectarivory
Glossophaga soricina,Passiflora mucronata,Nectarivory
Carollia perspicillata,Passiflora mucronata,Nectarivory
Anoura caudifer,Marcgravia myriostigma,Nectarivory
Glossophaga soricina,Marcgravia myriostigma,Nectarivory
Anoura caudifer,Passiflora mucronata,Nectarivory
Glossophaga soricina,Passiflora mucronata,Nectarivory
Glossophaga soricina,Luehea speciosa,Nectarivory
Lonchophylla bokermanni,Encholirium subsecundum,Nectarivory
Anoura caudifer,Siphocampylus sulfureus,Nectarivory
Artibeus lituratus,Mangifera indica,Frugivory
Artibeus lituratus,Syagrus romanzoffiana,Frugivory
Artibeus lituratus,Carica papaya,Frugivory
Artibeus lituratus,Cecropia hololeuca,Frugivory
Artibeus lituratus,Cecropia pachystachya,Frugivory
Artibeus lituratus,Calophyllum brasiliense,Frugivory
Artibeus lituratus,Terminalia catappa,Frugivory
Artibeus lituratus,Lafoensia glyptocarpa,Nectarivory
Artibeus lituratus,Ficus eximia,Frugivory
Artibeus lituratus,Ficus luschnathiana,Frugivory
Artibeus lituratus,Maclura tinctoria,Frugivory
Artibeus lituratus,Psidium guajava,Frugivory
Artibeus lituratus,Syzygium jambos,Frugivory
Artibeus lituratus,Eriobotrya japonica,Frugivory
Artibeus lituratus,Syagrus romanzoffiana,Frugivory
Artibeus lituratus,Carica papaya,Frugivory
Artibeus lituratus,Cecropia hololeuca,Frugivory
Artibeus lituratus,Cecropia pachystachya,Frugivory
Artibeus lituratus,Calophyllum brasiliense,Frugivory
Artibeus lituratus,Terminalia catappa,Frugivory
Artibeus lituratus,Inga uruguensis,Frugivory
Artibeus lituratus,Ficus eximia,Frugivory
Artibeus lituratus,Ficus luschnathiana,Frugivory
Artibeus lituratus,Maclura tinctoria,Frugivory
Artibeus lituratus,Psidium guajava,Frugivory
Anoura caudifer,Vriesea bituminosa,Nectarivory
Anoura caudifer,Vriesea sazimae,Nectarivory
Anoura caudifer,Siphocampylus sulfureus,Nectarivory
Anoura caudifer,Lafoensia vandelliana,Nectarivory
Anoura caudifer,Abutilon regnellii,Nectarivory
Anoura caudifer,Vriesea bituminosa,Nectarivory
Anoura caudifer,Vriesea gigantea,Nectarivory
Anoura caudifer,Vriesea longiscapa,Nectarivory
Anoura geoffroyi,Vriesea longiscapa,Nectarivory
Anoura caudifer,Mucuna urens,Nectarivory
Glossophaga soricina,Mucuna urens,Nectarivory
Platyrrhinus lineatus,Lafoensia glyptocarpa,Nectarivory
Anoura caudifer,Marcgravia polyantha,Nectarivory
Anoura caudifer,Marcgravia polyantha,Nectarivory
Anoura caudifer,Tetrastylis ovalis,Nectarivory
Anoura geoffroyi,Tetrastylis ovalis,Nectarivory
Anoura caudifer,Hillia illustris,Nectarivory
Glossophaga soricina,Dyssochroma viridiflora,Nectarivory
Carollia perspicillata,Dyssochroma viridiflora,Frugivory
Sturnira lilium,Dyssochroma viridiflora,Frugivory
Glossophaga soricina,Dyssochroma viridiflora,Nectarivory
Carollia perspicillata,Dyssochroma viridiflora,Frugivory
Sturnira lilium,Dyssochroma viridiflora,Frugivory
Glossophaga soricina,Pseudobombax grandiflorum,Nectarivory
Phyllostomus hastatus,Pseudobombax grandiflorum,Nectarivory
Leptonycteris yerbabuenae,Agave palmeri,Nectarivory
Glossophaga longirostris,Stenocereus griseus,Frugivory
Glossophaga longirostris,Cereus repandus,Frugivory
Glossophaga longirostris,Pilosocereus tillianus,Frugivory
Glossophaga longirostris,Maclura tinctoria,Frugivory
Leptonycteris curasoae,Stenocereus griseus,Frugivory
Leptonycteris curasoae,Pilosocereus lanuginosus,Frugivory
Glossophaga longirostris,Stenocereus griseus,Frugivory
Glossophaga longirostris,Cereus repandus,Frugivory
Glossophaga longirostris,Pilosocereus tillianus,Frugivory
Glossophaga longirostris,Maclura tinctoria,Frugivory
Leptonycteris curasoae,Stenocereus griseus,Frugivory
Leptonycteris curasoae,Cereus repandus,Frugivory
Glossophaga longirostris,Stenocereus griseus,Frugivory
Glossophaga longirostris,Cereus repandus,Frugivory
Glossophaga longirostris,Pilosocereus tillianus,Frugivory
Carollia castanea,Mabea occidentalis,Nectarivory
Glossophaga soricina,Mabea occidentalis,Nectarivory
Musonycteris harrisoni,Ceiba aesculifolia,Nectarivory
Glossophaga soricina,Ceiba aesculifolia,Nectarivory
Leptonycteris yerbabuenae,Ceiba aesculifolia,Nectarivory
Artibeus lituratus,Cecropia glaziovii,Frugivory
Artibeus lituratus,Cecropia hololeuca,Frugivory
Artibeus fimbriatus,Cecropia pachystachya,Frugivory
Artibeus lituratus,Cecropia pachystachya,Frugivory
Platyrrhinus lineatus,Cecropia pachystachya,Frugivory
Carollia perspicillata,Piper arboreum,Frugivory
Artibeus lituratus,Vismia magnoliifolia,Frugivory
Carollia perspicillata,Vismia magnoliifolia,Frugivory
Sturnira lilium,Vismia magnoliifolia,Frugivory
Carollia castanea,Piper aequale,Frugivory
Carollia castanea,Piper arboreum,Frugivory
Carollia castanea,Piper carrilloanum,Frugivory
Carollia castanea,Piper cordulatum,Frugivory
Carollia castanea,Piper colonense,Frugivory
Carollia castanea,Piper darienense,Frugivory
Carollia castanea,Piper grande,Frugivory
Carollia castanea,Piper aequale,Frugivory
Carollia castanea,Piper dilatatum,Frugivory
Carollia castanea,Piper hispidum,Frugivory
Carollia castanea,Piper marginatum,Frugivory
Carollia castanea,Piper reticulatum,Frugivory
Carollia perspicillata,Piper aequale,Frugivory
Carollia perspicillata,Piper arboreum,Frugivory
Carollia perspicillata,Piper carrilloanum,Frugivory
Carollia perspicillata,Piper cordulatum,Frugivory
Carollia perspicillata,Piper colonense,Frugivory
Carollia perspicillata,Piper darienense,Frugivory
Carollia perspicillata,Piper grande,Frugivory
Carollia perspicillata,Piper aequale,Frugivory
Carollia perspicillata,Piper dilatatum,Frugivory
Carollia perspicillata,Piper hispidum,Frugivory
Carollia perspicillata,Piper marginatum,Frugivory
Carollia perspicillata,Piper reticulatum,Frugivory
Glossophaga commissarisi,Calyptrogyne ghiesbreghtiana,Nectarivory
Glossophaga commissarisi,Weberocereus tunilla,Nectarivory
Glossophaga commissarisi,Ochroma pyramidale,Nectarivory
Glossophaga commissarisi,Mucuna holtonii,Nectarivory
Glossophaga commissarisi,Quararibea ochrocalyx,Nectarivory
Glossophaga commissarisi,Quararibea cordata,Nectarivory
Glossophaga commissarisi,Merinthopodium neuranthum,Nectarivory
Glossophaga commissarisi,Ceiba pentandra,Nectarivory
Hylonycteris underwoodi,Calyptrogyne ghiesbreghtiana,Nectarivory
Hylonycteris underwoodi,Ceiba pentandra,Nectarivory
Hylonycteris underwoodi,Merinthopodium neuranthum,Nectarivory
Hylonycteris underwoodi,Matisia bracteolosa,Nectarivory
Hylonycteris underwoodi,Quararibea cordata,Nectarivory
Hylonycteris underwoodi,Quararibea ochrocalyx,Nectarivory
Hylonycteris underwoodi,Mucuna holtonii,Nectarivory
Hylonycteris underwoodi,Ochroma pyramidale,Nectarivory
Hylonycteris underwoodi,Quararibea parvifolia,Nectarivory
Hylonycteris underwoodi,Weberocereus tunilla,Nectarivory
Lichonycteris obscura,Calyptrogyne ghiesbreghtiana,Nectarivory
Lichonycteris obscura,Ceiba pentandra,Nectarivory
Lichonycteris obscura,Merinthopodium neuranthum,Nectarivory
Lichonycteris obscura,Matisia bracteolosa,Nectarivory
Lichonycteris obscura,Quararibea cordata,Nectarivory
Lichonycteris obscura,Quararibea ochrocalyx,Nectarivory
Lichonycteris obscura,Mucuna holtonii,Nectarivory
Lichonycteris obscura,Ochroma pyramidale,Nectarivory
Lichonycteris obscura,Quararibea parvifolia,Nectarivory
Lonchophylla robusta,Calyptrogyne ghiesbreghtiana,Nectarivory
Lonchophylla robusta,Merinthopodium neuranthum,Nectarivory
Lonchophylla robusta,Quararibea cordata,Nectarivory
Lonchophylla robusta,Quararibea ochrocalyx,Nectarivory
Lonchophylla robusta,Ochroma pyramidale,Nectarivory
Glossophaga commissarisi,Cecropia insignis,Frugivory
Glossophaga commissarisi,Vismia baccifera,Frugivory
Glossophaga commissarisi,Piper auritum,Frugivory
Glossophaga commissarisi,Ochroma pyramidale,Nectarivory
Glossophaga commissarisi,Mucuna holtonii,Nectarivory
Glossophaga commissarisi,Vriesea gladioliflora,Nectarivory
Hylonycteris underwoodi,Marcgravia nervosa,Nectarivory
Hylonycteris underwoodi,Marcgravia serrae,Nectarivory
Glossophaga commissarisi,Marcgravia nepenthoides,Nectarivory
Glossophaga commissarisi,Marcgravia nervosa,Nectarivory
Glossophaga commissarisi,Marcgravia serrae,Nectarivory
Glossophaga commissarisi,Marcgravia mexicana,Nectarivory
Hylonycteris underwoodi,Marcgravia mexicana,Nectarivory
Hylonycteris underwoodi,Marcgravia nepenthoides,Nectarivory
Hylonycteris underwoodi,Weberocereus tunilla,Nectarivory
Lichonycteris obscura,Weberocereus tunilla,Nectarivory
Glossophaga commissarisi,Weberocereus tunilla,Nectarivory
Glossophaga soricina,Weberocereus trichophorus,Nectarivory
Glossophaga soricina,Weberocereus biolleyi,Nectarivory
Hylonycteris underwoodi,Marcgravia pittieri,Nectarivory
Carollia perspicillata,Vismia lauriformis,Frugivory
Carollia perspicillata,Solanum asperum,Frugivory
Sturnira tildae,Solanum asperum,Frugivory
Carollia perspicillata,Solanum caavurana,Frugivory
Sturnira tildae,Solanum caavurana,Frugivory
Carollia perspicillata,Solanum grandiflorum,Frugivory
Sturnira tildae,Solanum grandiflorum,Frugivory
Leptonycteris yerbabuenae,Neobuxbaumia tetetzo,Nectarivory
Choeronycteris mexicana,Neobuxbaumia tetetzo,Nectarivory
Leptonycteris yerbabuenae,Neobuxbaumia tetetzo,Frugivory
Choeronycteris mexicana,Neobuxbaumia tetetzo,Frugivory
Artibeus jamaicensis,Neobuxbaumia tetetzo,Frugivory
Leptonycteris yerbabuenae,Pilosocereus chrysacanthus,Nectarivory
Leptonycteris nivalis,Pilosocereus chrysacanthus,Nectarivory
Choeronycteris mexicana,Pilosocereus chrysacanthus,Nectarivory
Sturnira parvidens,Pilosocereus chrysacanthus,Nectarivory
Leptonycteris yerbabuenae,Pachycereus weberi,Nectarivory
Leptonycteris nivalis,Pachycereus weberi,Nectarivory
Choeronycteris mexicana,Pachycereus weberi,Nectarivory
Sturnira parvidens,Pachycereus weberi,Nectarivory
Artibeus jamaicensis,Pachycereus weberi,Nectarivory
Glossophaga soricina,Pachycereus weberi,Nectarivory
Leptonycteris yerbabuenae,Pachycereus pecten-aboriginum,Nectarivory
Choeroniscus godmani,Pachycereus pecten-aboriginum,Nectarivory
Glossophaga soricina,Pachycereus pecten-aboriginum,Nectarivory
Anoura caudifer,Passiflora mucronata,Nectarivory
Carollia perspicillata,Passiflora mucronata,Nectarivory
Glossophaga soricina,Passiflora mucronata,Nectarivory
Glossophaga soricina,Harpochilus neesianus,Nectarivory
Lonchophylla inexpectata,Mimosa lewisii,Nectarivory
Glossophaga soricina,Merinthopodium neuranthum,Nectarivory
Artibeus jamaicensis,Merinthopodium neuranthum,Nectarivory
Artibeus lituratus,Ficus matiziana,Frugivory
Artibeus phaeotis,Ficus matiziana,Frugivory
Artibeus watsoni,Ficus matiziana,Frugivory
Uroderma convexum,Ficus matiziana,Frugivory
Vampyressa thyone,Ficus matiziana,Frugivory
Artibeus jamaicensis,Ficus citrifolia,Frugivory
Artibeus lituratus,Ficus citrifolia,Frugivory
Artibeus phaeotis,Ficus citrifolia,Frugivory
Artibeus watsoni,Ficus citrifolia,Frugivory
Chiroderma villosum,Ficus citrifolia,Frugivory
Platyrrhinus helleri,Ficus citrifolia,Frugivory
Uroderma convexum,Ficus citrifolia,Frugivory
Vampyriscus nymphaea,Ficus citrifolia,Frugivory
Vampyressa thyone,Ficus citrifolia,Frugivory
Artibeus jamaicensis,Ficus insipida,Frugivory
Artibeus lituratus,Ficus insipida,Frugivory
Artibeus phaeotis,Ficus insipida,Frugivory
Artibeus watsoni,Ficus insipida,Frugivory
Chiroderma villosum,Ficus insipida,Frugivory
Platyrrhinus helleri,Ficus insipida,Frugivory
Uroderma convexum,Ficus insipida,Frugivory
Vampyriscus nymphaea,Ficus insipida,Frugivory
Vampyrodes major,Ficus insipida,Frugivory
Artibeus jamaicensis,Ficus nymphaeifolia,Frugivory
Artibeus lituratus,Ficus nymphaeifolia,Frugivory
Artibeus phaeotis,Ficus nymphaeifolia,Frugivory
Artibeus watsoni,Ficus nymphaeifolia,Frugivory
Chiroderma villosum,Ficus nymphaeifolia,Frugivory
Platyrrhinus helleri,Ficus nymphaeifolia,Frugivory
Vampyriscus nymphaea,Ficus nymphaeifolia,Frugivory
Artibeus jamaicensis,Ficus obtusifolia,Frugivory
Artibeus lituratus,Ficus obtusifolia,Frugivory
Artibeus phaeotis,Ficus obtusifolia,Frugivory
Artibeus watsoni,Ficus obtusifolia,Frugivory
Chiroderma villosum,Ficus obtusifolia,Frugivory
Platyrrhinus helleri,Ficus obtusifolia,Frugivory
Uroderma convexum,Ficus obtusifolia,Frugivory
Vampyriscus nymphaea,Ficus obtusifolia,Frugivory
Vampyrodes major,Ficus obtusifolia,Frugivory
Artibeus phaeotis,Ficus paraensis,Frugivory
Artibeus watsoni,Ficus paraensis,Frugivory
Chiroderma villosum,Ficus paraensis,Frugivory
Platyrrhinus helleri,Ficus paraensis,Frugivory
Uroderma convexum,Ficus paraensis,Frugivory
Vampyriscus nymphaea,Ficus paraensis,Frugivory
Vampyressa thyone,Ficus paraensis,Frugivory
Artibeus lituratus,Ficus pertusa,Frugivory
Artibeus phaeotis,Ficus pertusa,Frugivory
Artibeus watsoni,Ficus pertusa,Frugivory
Chiroderma villosum,Ficus pertusa,Frugivory
Platyrrhinus helleri,Ficus pertusa,Frugivory
Uroderma convexum,Ficus pertusa,Frugivory
Vampyriscus nymphaea,Ficus pertusa,Frugivory
Vampyressa thyone,Ficus pertusa,Frugivory
Vampyrodes major,Ficus pertusa,Frugivory
Artibeus jamaicensis,Ficus popenoei,Frugivory
Artibeus phaeotis,Ficus popenoei,Frugivory
Artibeus watsoni,Ficus popenoei,Frugivory
Chiroderma villosum,Ficus popenoei,Frugivory
Platyrrhinus helleri,Ficus popenoei,Frugivory
Uroderma convexum,Ficus popenoei,Frugivory
Vampyriscus nymphaea,Ficus popenoei,Frugivory
Vampyressa thyone,Ficus popenoei,Frugivory
Artibeus jamaicensis,Ficus trigonata,Frugivory
Artibeus lituratus,Ficus trigonata,Frugivory
Artibeus phaeotis,Ficus trigonata,Frugivory
Artibeus watsoni,Ficus trigonata,Frugivory
Chiroderma villosum,Ficus trigonata,Frugivory
Platyrrhinus helleri,Ficus trigonata,Frugivory
Uroderma convexum,Ficus trigonata,Frugivory
Vampyriscus nymphaea,Ficus trigonata,Frugivory
Vampyressa thyone,Ficus trigonata,Frugivory
Vampyrodes major,Ficus trigonata,Frugivory
Artibeus jamaicensis,Ficus yoponensis,Frugivory
Artibeus lituratus,Ficus yoponensis,Frugivory
Artibeus phaeotis,Ficus yoponensis,Frugivory
Artibeus watsoni,Ficus yoponensis,Frugivory
Platyrrhinus helleri,Ficus yoponensis,Frugivory
Uroderma convexum,Ficus yoponensis,Frugivory
Vampyriscus nymphaea,Ficus yoponensis,Frugivory
Vampyressa thyone,Ficus yoponensis,Frugivory
Vampyrodes major,Ficus yoponensis,Frugivory
Artibeus jamaicensis,Ficus pertusa,Frugivory
Artibeus jamaicensis,Ficus paraensis,Frugivory
Artibeus lituratus,Ficus paraensis,Frugivory
Artibeus planirostris,Psidium guajava,Frugivory
Micronycteris hirsuta,Carludovica palmata,Frugivory
Micronycteris hirsuta,Anacardium excelsum,Frugivory
Micronycteris hirsuta,Vismia latifolia,Frugivory
Micronycteris hirsuta,Calycolpus warszewiczianus,Frugivory
Micronycteris hirsuta,Eugenia nesiotica,Frugivory
Artibeus lituratus,Eriobotrya japonica,Frugivory
Artibeus lituratus,Cecropia glaziovii,Frugivory
Artibeus lituratus,Cecropia hololeuca,Frugivory
Artibeus lituratus,Syzygium jambos,Frugivory
Artibeus lituratus,Plinia cauliflora,Frugivory
Artibeus lituratus,Psidium guajava,Frugivory
Artibeus lituratus,Syzygium malaccense,Frugivory
Artibeus lituratus,Livistona chinensis,Frugivory
Artibeus lituratus,Ficus citrifolia,Frugivory
